姓名,分类,主分类,可信度,出现次数,相关出现,涉及书数,涉及章节数,主要书目,线索
萧孟能,出版 / 诉讼 / 财产债务,出版,99,692,692,4,36,李敖自传与回忆续集(538)；李敖回忆录(135)；我最难忘的事和人(11)；李敖自传与回忆(8),文星、法院、见、判决、诬告、所谓、上诉、妻
胡适,通信 / 见面 / 学术,通信,99,360,360,4,30,李敖自传与回忆(148)；李敖回忆录(121)；李敖自传与回忆续集(83)；我最难忘的事和人(8),研究、老师、见、爸爸、读、学生、台大、北大
严侨,师生 / 学术 / 朋友 / 见面,师生,99,237,237,2,9,李敖自传与回忆(150)；李敖回忆录(87),老师、见、国民党、师母、像、告诉我、主义、共产党
姚从吾,师生 / 学术,师生,99,224,224,4,9,李敖自传与回忆(166)；李敖回忆录(54)；李敖自传与回忆续集(3)；我最难忘的事和人(1),老师、研究、见、教授、北大、助理、台大、大学
朱婉坚,出版 / 姻亲 / 财产债务 / 诉讼,出版,99,196,196,3,16,李敖自传与回忆续集(174)；李敖回忆录(18)；李敖自传与回忆(4),文星、妻、太太、协议书、离婚、书店、见、法院
胡茵梦,情感 / 姻亲 / 财产信托 / 诉讼 / 媒体,情感,99,189,189,3,16,李敖回忆录(112)；李敖自传与回忆续集(74)；李敖自传与回忆(3),离婚、结婚、见、国民党、检察官、起诉、书中、诗
毛人凤,政治人物 / 情治警务 / 监狱行政 / 军事人物,政治人物,99,187,187,1,2,我最难忘的事和人(187),先生、见、总统、将军、委员、军法、司令、主任
蒋介石,政治人物 / 公共论战,政治人物,99,157,157,4,28,李敖回忆录(86)；李敖自传与回忆续集(33)；我最难忘的事和人(28)；李敖自传与回忆(10),国民党、政府、见、总统、文星、研究、将军、出版
敖弟,亲属 / 通信,亲属,99,149,149,3,3,李敖自传与回忆(147)；李敖自传与回忆续集(1)；李敖回忆录(1),妈妈、爸爸、像、见、女儿、电话、姐姐、弟弟
钱穆,学术 / 通信 / 公共论战 / 见面,学术,99,144,144,4,12,李敖自传与回忆续集(64)；李敖回忆录(44)；我最难忘的事和人(28)；李敖自传与回忆(8),研究、学生、读、见、攻击、学者、思想、大学
胡秋原,公共论战 / 出版 / 学术 / 感化人员,公共论战,99,134,134,4,10,李敖回忆录(77)；李敖自传与回忆(55)；李敖自传与回忆续集(1)；我最难忘的事和人(1),国民党、文星、杂志、见、研究、攻击、批评、政治
陶希圣,见面 / 政治人物 / 公共论战 / 学术,见面,99,124,124,2,3,李敖回忆录(67)；李敖自传与回忆(57),国民党、老师、见、委员、北大、文星、文学、儿子
殷海光,师生 / 出版 / 学术 / 公共论战,师生,99,111,111,4,12,李敖回忆录(70)；李敖自传与回忆(32)；李敖自传与回忆续集(8)；我最难忘的事和人(1),见、国民党、台大、老师、大学、像、主义、文星
乔家才,军事人物,军事人物,99,101,92,1,1,我最难忘的事和人(101),将军、见、来信、国民党、同学、委员、学生、出版
施启扬,同学同事 / 司法人员 / 政治人物 / 学术 / 出版 / 公共论战 / 通信 / 见面,同学同事,99,100,100,4,14,我最难忘的事和人(70)；李敖回忆录(16)；李敖自传与回忆(9)；李敖自传与回忆续集(5),同学、学生、国民党、老师、大学、见、父亲、研究
郑南榕,烈士殉难 / 媒体 / 政治异议者 / 通信 / 朋友,烈士殉难,99,96,96,3,5,李敖回忆录(66)；我最难忘的事和人(28)；李敖自传与回忆续集(2),杂志、见、朋友、政治、国民党、到我家、序、访问
魏廷朝,同案狱友 / 政治异议者 / 人权救援,同案狱友,99,95,95,4,13,李敖回忆录(46)；李敖自传与回忆续集(27)；李敖自传与回忆(11)；我最难忘的事和人(11),国民党、见、一起、同案、朋友、到我家、军法、同学
刘辰旦,同案狱友 / 见面 / 朋友 / 政治异议者 / 刑求受害,同案狱友,99,87,87,2,6,李敖自传与回忆续集(65)；李敖回忆录(22),见、朋友、同案、姐姐、所谓、刑求、警总、认识
王剑芬,情感 / 姻亲 / 财产信托 / 财产债务 / 诉讼,情感,99,83,83,2,8,李敖自传与回忆续集(73)；李敖回忆录(10),太太、见、妻、房地、法院、财产、债权、公证书
李广和,情治警务 / 军事人物 / 政治人物,情治警务,99,82,82,1,1,我最难忘的事和人(82),司令、委员、见、主任、家里、将军、中将、朋友
彭明敏,政治异议者 / 政治人物,政治异议者,99,78,78,4,17,李敖回忆录(55)；李敖自传与回忆续集(15)；李敖自传与回忆(6)；我最难忘的事和人(2),政治、国民党、交往、判决、见、政府、情治、同案
沈醉,情治警务 / 军事人物 / 出版,情治警务,99,75,75,2,3,我最难忘的事和人(74)；李敖回忆录(1),将军、共产党、国民党、见、出版、特务、一起、来信
张桂贞,亲属,亲属,99,72,72,3,5,李敖自传与回忆续集(67)；李敖自传与回忆(3)；李敖回忆录(2),所谓、存证信、见、协议书、判决、上诉、法院、学生
宋希濂,军事人物 / 出版 / 通信 / 公共论战 / 见面,军事人物,99,66,66,2,3,我最难忘的事和人(65)；李敖回忆录(1),将军、出版、序、见、出版社、电话、国民党、回信
张永亭,老兵士官 / 军事人物 / 朋友 / 见面,老兵士官,99,66,66,2,2,我最难忘的事和人(35)；李敖回忆录(31),见、送我、碰到、朋友、像、见到、借钱、大学
萧同兹,出版 / 亲属 / 政治人物,出版,99,66,66,3,10,李敖回忆录(55)；李敖自传与回忆续集(10)；李敖自传与回忆(1),文星、国民党、书店、总统、见、杂志、委员、拜访
黄中国,同案狱友 / 诉讼,同案狱友,99,65,65,3,3,李敖自传与回忆(54)；李敖回忆录(7)；李敖自传与回忆续集(4),国民党、判决、一起、看守所、脚镣、军法、见、复判
李政一,同案狱友 / 政治异议者 / 刑求受害 / 通信,同案狱友,99,64,64,4,11,李敖自传与回忆续集(47)；李敖回忆录(13)；李敖自传与回忆(3)；我最难忘的事和人(1),朋友、见、同学、判决、所谓、同案、报纸、苦刑
谢聪敏,同案狱友 / 政治异议者 / 人权救援,同案狱友,99,64,64,4,12,李敖回忆录(35)；李敖自传与回忆续集(17)；我最难忘的事和人(8)；李敖自传与回忆(4),国民党、见、到我家、一起、同学、军法、台独、请他
章孝慈,学术 / 政治人物 / 见面 / 公共论战,学术,99,55,55,2,3,李敖回忆录(52)；李敖自传与回忆(3),大学、见、教书、政治、报导、记者、请我、学生
戴笠,情治警务 / 军事人物,情治警务,99,53,53,2,2,我最难忘的事和人(51)；李敖自传与回忆续集(2),将军、见、同学、先生、共产党、国民党、所谓、出版
马丁,见面 / 人权救援,见面,99,53,53,4,6,李敖自传与回忆续集(18)；李敖回忆录(18)；我最难忘的事和人(16)；李敖自传与回忆(1),到我家、我家来、国民党、请他、见、一起、电话、政治
邱铭笙,残障人士 / 出版 / 学术 / 见面,残障人士,99,52,52,1,2,我最难忘的事和人(52),朋友、一起、病房、哲学、总统、读、像、见
马汉三,情治警务 / 政治人物 / 同案狱友,情治警务,99,51,51,1,1,我最难忘的事和人(51),委员、脚镣、见、告诉我、牢房、主任、一起、将军
吴相湘,师生 / 学术 / 见面,师生,99,50,50,2,5,李敖自传与回忆(32)；李敖回忆录(18),老师、国民党、见、研究、委员、同学、一起、史学
裴存藩,政治人物 / 军事人物 / 邻居 / 见面,政治人物,99,49,49,1,2,我最难忘的事和人(49),委员、将军、市长、太太、中将、法院、主任、政治
马占山,军事人物 / 政治人物,军事人物,99,48,48,2,4,李敖自传与回忆(28)；李敖回忆录(20),将军、国民党、爸爸、司令、主席、中将、见、共产党
林蒨,姻亲,姻亲,99,45,45,2,4,李敖自传与回忆(26)；李敖回忆录(19),师母、家里、女儿、告诉我、爸爸、学生、见、儿子
潘其武,情治警务 / 监狱行政 / 同案狱友,情治警务,99,45,45,1,1,我最难忘的事和人(45),见、主任、秘书、见面、太太、告诉我、代理、共产党
严停云,出版,出版,99,44,44,2,5,李敖自传与回忆(32)；李敖回忆录(12),见、太太、到我家、我家来、妹妹、嫁给、文星、姐姐
徐高阮,公共论战 / 学术,公共论战,99,44,44,2,5,李敖自传与回忆(28)；李敖回忆录(16),杂志、研究、文星、国民党、共产党、调查局、主任、报导
蒋经国,政治人物 / 公共论战,政治人物,99,44,44,4,15,李敖回忆录(27)；李敖自传与回忆续集(7)；李敖自传与回忆(5)；我最难忘的事和人(5),文星、国民党、见、请我、情治、上诉、共产党、总统
刘秋芳,政治人物 / 情治警务,政治人物,99,43,43,1,1,我最难忘的事和人(43),委员、选举、立委、市长、国民党、女友、主任、党部
吴忠信,同案狱友 / 政治异议者 / 刑求受害,同案狱友,99,43,43,2,3,李敖自传与回忆续集(37)；李敖回忆录(6),同案、所谓、朋友、政治、同学、宣传、母亲、女友
王尚义,同学同事 / 见面,同学同事,99,42,42,4,7,李敖自传与回忆续集(39)；李敖自传与回忆(1)；我最难忘的事和人(1)；李敖回忆录(1),读、大学、朋友、妹妹、文星、台大、同学、哥哥
谢然之,党务宣传 / 公共论战,党务宣传,99,42,42,2,4,李敖自传与回忆续集(31)；李敖回忆录(11),国民党、先生、文星、主任、党务、第四组主任、党部、杂志
孟祥柯,证人见证,证人见证,99,41,41,3,10,李敖自传与回忆续集(21)；李敖回忆录(19)；我最难忘的事和人(1),问我、离婚、到我家、所谓、妹妹、证人、我家来、监狱
小八,亲属 / 称谓待考,亲属,99,41,41,4,7,李敖自传与回忆(34)；李敖回忆录(5)；李敖自传与回忆续集(1)；我最难忘的事和人(1),妈妈、见、说过、爸爸、警察、序、像、院长
朱光军,监狱行政 / 看守戒护 / 刑求人员,监狱行政,99,40,40,2,3,李敖自传与回忆续集(39)；李敖回忆录(1),看守所、所长、管理员、见、接见、杂役、台北看守所、电话
耶稣,神交引用,神交引用,99,38,38,4,15,李敖回忆录(19)；李敖自传与回忆续集(13)；李敖自传与回忆(4)；我最难忘的事和人(2),政治、见、一起、问我、法官、军法、看守所、台北看守所
傅作义,军事人物 / 政治人物,军事人物,99,37,37,3,3,我最难忘的事和人(30)；李敖自传与回忆(4)；李敖回忆录(3),司令、见、警察、电报、国民党、市长、请他、共产党
雷震,政治异议者 / 出版 / 媒体,政治异议者,99,37,37,4,15,李敖自传与回忆续集(16)；李敖回忆录(14)；李敖自传与回忆(4)；我最难忘的事和人(3),杂志、监狱、写信、政治、见、国民党、研究、大学
辜振甫,政治人物 / 见面,政治人物,99,36,36,2,4,李敖回忆录(24)；李敖自传与回忆(12),先生、信托、师母、弟弟、告诉我、妹妹、嫁给、政治
陆啸钊,同学同事 / 朋友 / 出版 / 学术,同学同事,99,36,36,2,8,李敖自传与回忆续集(20)；李敖回忆录(16),朋友、见、文星、同学、台大、教授、同班、法务部
高荫祖,见面 / 政治人物,见面,99,36,36,2,2,李敖回忆录(21)；李敖自传与回忆(15),秘书、国民党、找我、见、委员、中央委员会第四组、警总、政治
郭荣文,同案狱友 / 政治异议者 / 刑求受害,同案狱友,99,34,34,2,3,李敖自传与回忆续集(28)；李敖回忆录(6),所谓、朋友、见、同案、认识、判决、证人、同在
冯作民,通信 / 诉讼 / 财产债务,通信,99,32,32,1,2,李敖自传与回忆续集(32),电话、债务、还钱、见、出版、结证、法庭、出版社
萧启庆,学术 / 见面,学术,99,32,32,3,5,李敖自传与回忆(18)；李敖回忆录(10)；我最难忘的事和人(4),老师、大学、研究、告诉我、台大、见、所谓、论文
孙中山,神交引用 / 出版 / 见面,神交引用,99,31,31,4,9,李敖自传与回忆续集(19)；李敖回忆录(7)；李敖自传与回忆(3)；我最难忘的事和人(2),出版、文星、像、先生、思想、国民党、研究、所谓
李希成,情治警务 / 司法人员 / 监狱行政,情治警务,99,30,30,1,1,我最难忘的事和人(30),委员、军法、妻、见、学生、脚镣、总统、问我
刘会云,出版 / 诉讼 / 财产债务,出版,99,29,29,3,7,李敖自传与回忆续集(27)；我最难忘的事和人(1)；李敖回忆录(1),文星、杂志、判决、法院、写信、太太、所谓、检察官
詹重雄,同案狱友 / 见面 / 政治异议者 / 刑求受害,同案狱友,99,28,28,2,3,李敖自传与回忆续集(22)；李敖回忆录(6),所谓、认识、朋友、证人、同案、报纸、苦刑、刑求
张群,政治人物 / 见面,政治人物,99,27,27,3,3,李敖回忆录(24)；李敖自传与回忆续集(2)；李敖自传与回忆(1),文星、总统、见、拜访、国民党、书店、秘书、写信
李元簇,司法人员 / 监狱行政 / 政治人物,司法人员,99,27,27,3,5,李敖自传与回忆续集(21)；李敖回忆录(4)；我最难忘的事和人(2),看守所、部长、法务部、电视、台北看守所、见、司法行政部、杂役
王尚勤,情感 / 朋友 / 见面,情感,99,27,27,2,8,李敖自传与回忆续集(22)；李敖回忆录(5),朋友、妹妹、出版、认识、学生、哥哥、女儿、台大
詹永杰,朋友 / 同学同事,朋友,99,26,26,2,2,李敖自传与回忆(16)；李敖回忆录(10),读、老师、家里、同学、见、学生、主义、爸爸
叶明勋,媒体 / 姻亲,媒体,99,24,24,2,8,李敖自传与回忆(15)；李敖回忆录(9),妹妹、嫁给、教书、父亲、国民党、先生、朋友、母亲
小蕾,情感 / 称谓待考 / 见面,情感,99,24,24,4,10,李敖回忆录(18)；李敖自传与回忆(3)；我最难忘的事和人(2)；李敖自传与回忆续集(1),情人、小情人、见、见面、电话、太太、警总、请他
郑学稼,学术 / 出版 / 公共论战,学术,99,24,24,3,6,李敖自传与回忆续集(12)；李敖回忆录(11)；李敖自传与回忆(1),杂志、读、政治、见、论战、文星、书中、学生
徐复观,学术 / 神交引用,学术,99,23,23,4,11,李敖自传与回忆续集(9)；李敖回忆录(8)；我最难忘的事和人(4)；李敖自传与回忆(2),见、国民党、朋友、特务、学术、爸爸、大学、认识
柏杨,出版 / 政治异议者 / 人权救援 / 公共论战,出版,99,23,23,3,6,李敖回忆录(16)；我最难忘的事和人(5)；李敖自传与回忆续集(2),国民党、电话、妻、监狱、拜访、太太、情人、小情人
吴焕章,朋友,朋友,99,22,22,2,3,李敖自传与回忆(16)；李敖回忆录(6),爸爸、将军、朋友、委员、国民党、主席、特务、共产党
孔子,神交引用,神交引用,99,22,22,4,8,李敖自传与回忆(7)；李敖自传与回忆续集(7)；李敖回忆录(6)；我最难忘的事和人(2),研究、思想、国民党、像、政府、大学、法院、文学
汪梦湘,情治警务 / 军事人物 / 出版 / 朋友 / 公共论战,情治警务,99,22,22,3,5,李敖自传与回忆续集(16)；李敖自传与回忆(3)；李敖回忆录(3),文星、上校、朋友、请他、见、拜访、杂志、控告
王世杰,政治人物 / 见面,政治人物,99,22,22,3,6,李敖自传与回忆(11)；李敖回忆录(10)；李敖自传与回忆续集(1),老师、见、部长、陪我、一起、同学、研究、所长
马克思,神交引用,公共论战,99,21,21,2,5,李敖回忆录(16)；李敖自传与回忆续集(5),攻击、见、朋友、好友、见面、杂志、政府、政治
黄剑青,司法人员 / 诉讼,司法人员,99,20,20,2,6,李敖自传与回忆续集(11)；李敖回忆录(9),法院、判决、法官、推事、诬告、所谓、见、上诉
吴彰炯,情治警务 / 军事人物 / 刑求人员,情治警务,99,19,19,3,4,李敖自传与回忆续集(10)；李敖回忆录(6)；李敖自传与回忆(3),少将、保安处、警总、所谓、国民党、告诉我、院长、上校
徐武军,见面 / 学术,见面,99,19,19,3,3,李敖回忆录(10)；李敖自传与回忆续集(8)；我最难忘的事和人(1),同学、爸爸、见、朋友、学术、见到、认识、学生
鲁迅,学术 / 神交引用,学术,99,19,19,4,8,李敖自传与回忆(6)；李敖自传与回忆续集(5)；我最难忘的事和人(4)；李敖回忆录(4),老师、同学、同班、北大、文学、报纸、共产党、攻击
叶翔之,政治人物 / 军事人物,政治人物,99,18,18,2,2,我最难忘的事和人(17)；李敖回忆录(1),委员、主任、牢房、司令、家里、太太、找他、秘书
吴荣元,同案狱友 / 政治异议者 / 通信,同案狱友,99,18,18,2,3,李敖自传与回忆续集(9)；李敖回忆录(9),警总、同房、同案、朋友、脚镣、学生、大学、政治
歌德,神交引用,师生,99,18,18,2,2,我最难忘的事和人(17)；李敖自传与回忆续集(1),学生、大学、杂志、文星、思想、投稿、史学、读
罗家伦,学术 / 政治人物,学术,99,18,18,3,4,李敖自传与回忆(8)；李敖回忆录(8)；我最难忘的事和人(2),委员、助理、北大、主任、先生、老师、国民党、一起
胡炎汉,同案狱友 / 政治异议者,同案狱友,99,18,18,3,3,李敖自传与回忆(9)；李敖回忆录(7)；李敖自传与回忆续集(2),一起、问我、大学、采访、主任、同房、碰到
曲军成,反共人士 / 政治异议者 / 感化人员 / 同案狱友 / 人权救援,反共人士,99,17,17,1,2,我最难忘的事和人(17),政府、报导、妻、立委、法院、诬告、女儿、读
李宗仁,政治人物 / 军事人物,政治人物,99,17,17,3,4,我最难忘的事和人(12)；李敖回忆录(3)；李敖自传与回忆续集(2),总统、选举、所谓、一起、主任、看守所、台北看守所、委员
李登辉,政治人物,政治人物,99,17,17,2,6,李敖回忆录(15)；我最难忘的事和人(2),国民党、法院、市长、总统、朋友、政府、杂志、封杀
李鼎彝,亲属 / 学术,亲属,99,17,17,3,5,李敖自传与回忆(11)；李敖回忆录(5)；李敖自传与回忆续集(1),爸爸、主席、北大、政府、先生、文学、见、大学
王克敏,政治人物,政治人物,99,17,17,2,3,李敖自传与回忆(11)；李敖回忆录(6),中将、委员、爸爸、学生、政府、政治、父亲、监狱
胡星妈,称谓待考 / 姻亲 / 亲属 / 通信 / 政治人物,称谓待考,99,17,17,2,3,李敖回忆录(10)；李敖自传与回忆续集(7),母亲、所谓、法院、立委、电话、出版、杂志、委员
刘宜良,媒体 / 出版,媒体,99,16,16,4,7,李敖回忆录(7)；李敖自传与回忆(6)；我最难忘的事和人(2)；李敖自传与回忆续集(1),爸爸、国民党、朋友、北大、诗、像、博士、院长
刘家昌,媒体 / 见面,媒体,99,16,16,2,5,李敖回忆录(15)；李敖自传与回忆续集(1),爸爸、朋友、见、接见、放封、导演、像、记者
吴俊才,师生 / 学术 / 见面,师生,99,16,16,2,2,李敖回忆录(12)；我最难忘的事和人(4),老师、主任、结婚、台大、国民党、政治、研究、电话
张学良,政治人物 / 公共论战,政治人物,99,16,16,3,7,李敖自传与回忆(11)；李敖回忆录(3)；我最难忘的事和人(2),国民党、大学、告诉我、宣传、党务、所谓、保安处、将军
陈鼓应,同学同事,同学同事,99,16,16,4,10,李敖回忆录(8)；李敖自传与回忆续集(4)；李敖自传与回忆(2)；我最难忘的事和人(2),一起、朋友、学生、老师、像、父亲、妹妹、房产
马宏祥,通信 / 同学同事 / 出版,通信,99,16,16,3,8,李敖回忆录(8)；李敖自传与回忆(7)；我最难忘的事和人(1),老师、写信、助理、杂志、博士、学生、文星、台大
林晃,司法人员 / 诉讼,司法人员,99,15,15,2,5,李敖回忆录(9)；李敖自传与回忆续集(6),法官、法院、判决、推事、诬告、所谓、见、院长
梁实秋,学术 / 出版,学术,99,15,15,3,5,李敖自传与回忆(9)；李敖回忆录(5)；我最难忘的事和人(1),老师、写信、研究、院长、先生、文星、所长、学生
汪文吉,同案狱友 / 诉讼 / 姻亲,同案狱友,99,15,15,1,1,李敖自传与回忆续集(15),杂役、所长、法务部、主任、陪他、副所长、检察官、律师
温茂林,见面 / 家中雇员,见面,99,15,15,2,2,李敖自传与回忆(13)；李敖回忆录(2),见、见到、读、像、爸爸、对我说、太太、一起
赵铁寒,学术 / 出版,学术,99,15,15,2,2,李敖自传与回忆(9)；李敖回忆录(6),老师、教授、论文、见、回信、杂志、台大、国民党
孟大中,同学同事 / 朋友 / 证人见证,同学同事,99,14,14,2,3,李敖回忆录(8)；我最难忘的事和人(6),离婚、母亲、父亲、朋友、台大、弟弟、读、见
庄子,神交引用,神交引用,99,14,14,3,5,李敖自传与回忆续集(11)；我最难忘的事和人(2)；李敖自传与回忆(1),思想、传记、所谓、文星、哲学、出版、读、诗
朱熹,神交引用 / 学术,神交引用,99,14,14,4,5,我最难忘的事和人(9)；李敖自传与回忆(2)；李敖自传与回忆续集(2)；李敖回忆录(1),思想、学生、学者、读、见、著作、政府、宣传
李文荣,同案狱友 / 见面 / 刑求受害 / 证人见证,同案狱友,99,14,14,1,1,李敖自传与回忆续集(14),管理员、见、看守所、绑担架、接见、检察官、放封、对我说
李济,学术 / 公共论战,学术,99,14,14,2,5,李敖回忆录(10)；李敖自传与回忆(4),研究、所长、儿子、先生、见、父亲、写信、院长
李聪明,同案狱友 / 刑求受害,同案狱友,99,14,14,1,1,李敖自传与回忆续集(14),看守所、管理员、台北看守所、女儿、见、健康检查、调查局、法务部
林正杰,媒体 / 公共论战 / 政治人物,媒体,99,14,14,4,7,李敖回忆录(6)；李敖自传与回忆(5)；我最难忘的事和人(2)；李敖自传与回忆续集(1),杂志、文星、国民党、情治、见、见到、警总、政战
王家桢,政治人物,政治人物,99,14,14,2,3,李敖回忆录(8)；李敖自传与回忆(6),将军、见、妹妹、太太、女儿、大学、北大、请我
老子,神交引用,见面,99,14,14,2,8,李敖回忆录(10)；我最难忘的事和人(4),一起、政府、所谓、大学、主任、妈妈、爸爸、市长
阎锡山,政治人物 / 军事人物,政治人物,99,14,14,3,4,我最难忘的事和人(7)；李敖自传与回忆(4)；李敖回忆录(3),先生、国民党、总统、选举、所长、见、读、共产党
顾锦才,司法人员 / 诉讼,司法人员,99,14,14,2,5,李敖回忆录(8)；李敖自传与回忆续集(6),法官、法院、判决、推事、诬告、所谓、国民党、检察官
黄少谷,政治人物 / 见面,政治人物,99,14,14,3,6,李敖回忆录(9)；李敖自传与回忆续集(4)；我最难忘的事和人(1),见、文星、先生、推事、监狱、总统、结证、法院
孟子,神交引用,神交引用,99,13,13,4,6,李敖自传与回忆(6)；李敖回忆录(4)；李敖自传与回忆续集(2)；我最难忘的事和人(1),师生、出版、研究、书中、思想、历史上、国民党、书店
沈登恩,出版 / 见面,出版,99,13,13,3,5,李敖回忆录(11)；李敖自传与回忆续集(1)；我最难忘的事和人(1),出版、出版社、请我、找我、宣传、到我家、一起、同学
王国樑,姻亲 / 亲属 / 财产债务 / 诉讼,姻亲,99,13,13,1,2,李敖自传与回忆续集(13),弟弟、律师、产权、房地、委任书、债权、妻、所谓
王恒庆,师生 / 见面,师生,99,13,13,2,2,李敖自传与回忆(7)；李敖回忆录(6),老师、同学、哥哥、学生、见、师生、太太、主席
连培如,朋友 / 见面,朋友,99,13,13,1,1,我最难忘的事和人(13),读、病房、见
郑介民,情治警务 / 军事人物 / 政治人物,情治警务,99,13,13,1,1,我最难忘的事和人(13),先生、总统、委员、攻击、警总、女友、所谓、宣传
大风,出版 / 通信,出版,99,12,12,4,7,我最难忘的事和人(6)；李敖自传与回忆续集(3)；李敖回忆录(2)；李敖自传与回忆(1),出版、将军、序、书店、文星、查禁、文学、出版社
沈刚伯,学术,学术,99,12,12,2,4,李敖自传与回忆(6)；李敖回忆录(6),研究、院长、文学、北大、老师、教书、儿子、台大
王伟珍,情治警务 / 同案狱友,情治警务,99,12,12,1,1,李敖自传与回忆续集(12),读、思想、主义、警总、特务、国民党、检察官、军法
陈良榘,同学同事 / 见面,同学同事,99,12,12,4,7,李敖自传与回忆续集(7)；李敖回忆录(3)；李敖自传与回忆(1)；我最难忘的事和人(1),律师、见、见证、房地、大学、委任书、代理、弟弟
陈长捷,军事人物,军事人物,99,12,12,1,1,我最难忘的事和人(12),司令、像、将军、见、电报、军法、总统、序
高信疆,媒体 / 出版 / 通信 / 朋友 / 证人见证 / 见面,媒体,99,12,12,2,5,李敖回忆录(9)；李敖自传与回忆(3),国民党、写信、封杀、见、弟弟、主编、文星、出版
任卓宣,感化人员 / 公共论战,感化人员,99,11,11,4,7,李敖自传与回忆(5)；李敖回忆录(4)；李敖自传与回忆续集(1)；我最难忘的事和人(1),国民党、认识、同学、政治、论战、读、弟弟、学者
台静农,学术 / 出版 / 见面 / 公共论战,学术,99,11,11,2,3,我最难忘的事和人(10)；李敖回忆录(1),教授、朋友、台大、主任、学者、大学、攻击、文学
小屯,姻亲 / 情感 / 称谓待考,姻亲,99,11,11,2,4,李敖自传与回忆(6)；李敖回忆录(5),女儿、儿子、太太、对我说、说过、碰到、告诉我、出版
居浩然,通信 / 学术 / 同案狱友,通信,99,11,10,2,5,李敖回忆录(10)；李敖自传与回忆续集(1),大学、电话、广播、太太、学术、碰到、同房、探监
张炳华,情治警务 / 政治人物 / 监狱行政,情治警务,99,11,11,1,1,我最难忘的事和人(11),先生、主任、代理、见、电话、所谓、请我、告诉我
李翰祥,媒体,媒体,99,11,11,2,6,李敖回忆录(10)；李敖自传与回忆(1),朋友、导演、一起、见、太太、同学、请我、爸爸
王昇,政治人物 / 军事人物,政治人物,99,11,11,4,6,李敖回忆录(7)；李敖自传与回忆(2)；李敖自传与回忆续集(1)；我最难忘的事和人(1),政治、文星、国民党、律师、诬告、情治、上诉、法院
田耕莘,宗教人物 / 政治人物 / 公共论战,宗教人物,99,11,11,2,2,李敖回忆录(10)；我最难忘的事和人(1),文星、老师、像、大学、认识、到我家、朋友、家里
谷正文,情治警务 / 军事人物 / 见面,情治警务,99,11,11,2,2,我最难忘的事和人(9)；李敖回忆录(2),将军、见、告诉我、出版、出版社、跟我说、财产、共产党
钱思亮,学术,学术,99,11,11,3,7,李敖回忆录(5)；李敖自传与回忆(3)；李敖自传与回忆续集(3),台大、教书、家里、大学、法院、立委、校长、跟我说
陈独秀,学术 / 政治人物 / 神交引用,学术,99,11,11,3,4,李敖自传与回忆续集(6)；李敖自传与回忆(4)；李敖回忆录(1),政治、老师、文学、同学、同班、北大、见、秘书
骆学良,媒体 / 出版 / 通信,媒体,99,11,11,2,2,李敖自传与回忆续集(8)；李敖自传与回忆(3),见、所谓、编辑、副总编辑、杂志、文星、学术、思想
丁锡庆,姻亲,姻亲,99,10,10,3,3,李敖自传与回忆(6)；李敖自传与回忆续集(2)；李敖回忆录(2),书中、爸爸、结婚、嫁给、离婚
余光中,学术 / 出版 / 见面,学术,99,10,10,3,6,李敖回忆录(6)；李敖自传与回忆续集(3)；李敖自传与回忆(1),文星、出版、思想、写信、老师、攻击、电话、助理
古永城,江湖人物,江湖人物,99,10,10,2,2,李敖自传与回忆(6)；李敖自传与回忆续集(4),看守所、朋友、警察、绑担架、大学、脚镣、法庭、请他
宋楚瑜,出版 / 公共论战,出版,99,10,10,2,4,李敖回忆录(6)；李敖自传与回忆续集(4),文星、国民党、封杀、杂志、法院、节目、所谓、告诉我
巴顿,军事人物 / 神交引用,军事人物,99,10,10,2,2,我最难忘的事和人(5)；李敖回忆录(5),司令、将军
庄严,学术 / 通信,学术,99,10,10,3,5,李敖自传与回忆(7)；李敖回忆录(2)；我最难忘的事和人(1),爸爸、妈妈、老师、太太、大学、儿子、学生、朋友
廖耀湘,军事人物,军事人物,99,10,9,1,1,我最难忘的事和人(10),将军、书中、同学、研究、委员、交情、史学
李仲琳,朋友 / 见面,朋友,99,10,10,1,1,我最难忘的事和人(10),请我、见、见面、送我、党部、秘书、碰到、对我说
林钟雄,同学同事 / 见面 / 公共论战 / 感化人员,同学同事,99,10,10,3,4,李敖自传与回忆(6)；李敖回忆录(3)；我最难忘的事和人(1),国民党、碰到、政治、弟弟、学者、所谓
胡汝森,出版 / 公共论战,出版,99,10,10,2,3,李敖回忆录(9)；李敖自传与回忆(1),文星、主任、朋友、编辑、政战、上校、警总、少将
艾玫,通信 / 姻亲,通信,99,10,10,3,3,我最难忘的事和人(4)；李敖自传与回忆续集(3)；李敖回忆录(3),电话、见、见面、太太、情人、小情人、国民党
蒋君章,学术,学术,99,10,10,2,2,李敖自传与回忆(5)；李敖回忆录(5),助理、研究、大学、见、出版、北大、主任、委员
阿Q,虚拟人物,虚拟人物,99,10,10,4,5,李敖自传与回忆续集(4)；李敖自传与回忆(3)；李敖回忆录(2)；我最难忘的事和人(1),像、思想、主义、读、起诉、政治、检察官、作品
黄宝实,公共论战,公共论战,99,10,10,1,1,李敖自传与回忆(10),老师、国民党、读、共产党、思想、主义、学生、爸爸
刘维斌,证人见证 / 财产信托,证人见证,99,9,9,2,2,李敖回忆录(7)；李敖自传与回忆续集(2),爸爸、电话、信托、信托关系、法庭、离婚、意思表示中止、诗
张俊宏,公共论战 / 政治人物,公共论战,99,9,9,4,6,李敖自传与回忆(5)；李敖回忆录(2)；李敖自传与回忆续集(1)；我最难忘的事和人(1),研究、牢房、像、认识、上诉、国民党、政治、所谓
曾庆璧,监狱行政 / 司法人员 / 通信,监狱行政,99,9,9,1,1,李敖自传与回忆续集(9),监狱、典狱长、台北监狱、法院、写信、法务部、部长、见
沈之岳,情治警务,情治警务,99,9,9,2,5,李敖回忆录(8)；李敖自传与回忆续集(1),调查局、研究、回电、警总、刑警、读、思想、主义
葛县长,政治人物 / 诉讼,政治人物,99,9,9,1,1,李敖自传与回忆(9),县长、认识、一起、证人
陈正澄,同学同事 / 学术 / 出版,同学同事,99,9,9,4,6,李敖回忆录(5)；李敖自传与回忆续集(2)；李敖自传与回忆(1)；我最难忘的事和人(1),台大、主任、报纸、哲学、老师、像、爸爸、请我
魏锦水,财产信托 / 财产债务,财产信托,99,9,9,1,1,李敖回忆录(9),存证信、判决、法官、财产、产权、权状、法院、天母静庐
刘峰松,监狱行政 / 通信,监狱行政,99,8,6,2,3,李敖回忆录(5)；我最难忘的事和人(3),监狱、写信、政治、见、台北监狱、放封
吴铸人,政治人物,政治人物,99,8,8,3,3,我最难忘的事和人(5)；李敖回忆录(2)；李敖自传与回忆(1),市长、学生、同学、主任、委员、党部、立委、警察
吴锦江,同案狱友 / 政治异议者,同案狱友,99,8,8,2,2,李敖自传与回忆续集(4)；李敖回忆录(4),同房、警总
恩格斯,神交引用,神交引用,99,8,8,1,1,李敖回忆录(8),朋友、见、见面、学者、学生、好友、儿子
施珂,军事人物 / 朋友 / 见面,军事人物,99,8,8,2,4,李敖回忆录(6)；李敖自传与回忆(2),送我、认识、还钱、老师、妈妈、借钱、研究、朋友
李国龙,同案狱友,同案狱友,99,8,8,2,3,李敖自传与回忆(6)；李敖回忆录(2),学生、大学、读、像、见、同房、警总、台大
李子卓,姻亲 / 政治人物,姻亲,99,8,8,2,3,李敖自传与回忆(5)；李敖回忆录(3),嫁给、国民党、儿子、妹妹、太太、妈妈、将军、家里
楼兆元,情治警务 / 同案狱友 / 朋友,情治警务,99,8,8,1,1,我最难忘的事和人(8),牢房、见、一起、朋友、主任、委员、军长、像
潘毓刚,老兵士官 / 军事人物 / 朋友,老兵士官,99,8,8,2,3,李敖回忆录(5)；我最难忘的事和人(3),共产党、朋友、国民党、打电话、电话、教授、弟弟
王孟仁,师生,师生,99,8,8,3,3,李敖自传与回忆(3)；李敖回忆录(3)；我最难忘的事和人(2),父亲、老师、学生、国民党、拳头、找我、教书、大学
童有德,司法人员 / 诉讼,司法人员,99,8,8,2,4,李敖自传与回忆续集(7)；李敖回忆录(1),推事、判决、诬告、法院、上诉、法官、见、审判长
罗素,神交引用,神交引用,99,8,8,3,7,李敖回忆录(5)；李敖自传与回忆(2)；李敖自传与回忆续集(1),所长、政治、像、总统、见、主义、教授、大学
陈苾仙,姻亲 / 财产债务 / 诉讼,姻亲,99,8,8,1,2,李敖自传与回忆续集(8),过户、房产、妻、法院、电话、房地、土地、产权
鲍文樾,军事人物 / 同案狱友 / 见面,军事人物,99,8,8,1,1,我最难忘的事和人(8),牢房、先生、见、报纸、共产党、见面、参谋、找他
丁慰慈,刑求受害,刑求受害,99,7,7,1,1,李敖回忆录(7),刑求、共产党、办案人员
侯立朝,情治警务 / 出版 / 公共论战,情治警务,99,7,7,2,3,李敖自传与回忆(5)；李敖回忆录(2),文星、情治、国民党、杂志、师生、书中
关颂韬,见面,见面,99,7,7,2,2,李敖自传与回忆(5)；李敖回忆录(2),爸爸、见、主任、陪我
刘绍唐,出版 / 媒体 / 见面,出版,99,7,7,3,6,李敖自传与回忆续集(3)；李敖回忆录(3)；李敖自传与回忆(1),文星、传记、国民党、文学、写信
方豪,师生 / 见面 / 学术,师生,99,7,6,2,2,李敖回忆录(5)；李敖自传与回忆(2),认识、老师、大学、传记、诗、文学、对我说、告诉我
李德和,亲属 / 政治人物,亲属,99,7,7,1,1,我最难忘的事和人(7),家里、哥哥、主任、委员、找我
李德林,姻亲,姻亲,99,7,7,1,1,李敖自传与回忆(7),太太、大学、爸爸、妹妹、儿子、嫁给、一起、国民党
诸葛亮,神交引用,神交引用,99,7,7,3,6,李敖自传与回忆(3)；李敖回忆录(3)；李敖自传与回忆续集(1),爸爸、一起、法务部、监狱、出版、像
邓维桢,媒体 / 政治异议者 / 公共论战,媒体,99,7,7,2,3,李敖回忆录(4)；我最难忘的事和人(3),杂志、政治、查禁、读、先生、国民党、编辑、朋友
邢森洲,情治警务 / 见面,情治警务,99,7,7,1,1,我最难忘的事和人(7),认识、太太、娶、离婚、见、见面、将军、书中
郑锡华,出版 / 同案狱友 / 见面,出版,99,7,7,2,3,李敖自传与回忆续集(5)；李敖回忆录(2),委员、房产、过户、警总、保安处、产权、协议书、律师
龚德柏,政治异议者 / 媒体 / 感化人员,政治异议者,99,7,7,2,2,李敖自传与回忆(6)；我最难忘的事和人(1),国民党、报人、政治、政府、思想、所长、朋友、关怀
叶圣康,出版 / 见面,出版,99,6,6,1,3,李敖回忆录(6),出版、政府、司令、国民党、找我、朋友、太太、离婚
周恩来,政治人物 / 神交引用,政治人物,99,6,6,3,3,我最难忘的事和人(3)；李敖自传与回忆(2)；李敖回忆录(1),同学、像、学生、弟弟、家里、太太、同僚、见
尹俊,情治警务 / 军事人物,情治警务,99,6,6,2,2,李敖回忆录(5)；李敖自传与回忆续集(1),司令、刑求、逼供、冤案、假案、少将、中将、太太
尹女士,姻亲 / 称谓待考,姻亲,99,6,6,1,1,李敖自传与回忆(6),爸爸、妈妈、结婚、离婚、姐姐、碰到
廖茂荣,司法人员 / 诉讼,司法人员,99,6,6,2,3,李敖自传与回忆续集(5)；李敖回忆录(1),诬告、上诉、推事、判决、律师、诗、审判长、碰到
彭诚晃,财产债务 / 姻亲,财产债务,99,6,6,2,2,李敖回忆录(5)；我最难忘的事和人(1),见、出版、出版社、陪他、支票、研究、太太、见到
李景生,亲属,亲属,99,6,6,1,1,李敖自传与回忆(6),儿子、太太、妻、认识、结婚、读、娶、同住
杨锦钟,师生,师生,99,6,6,2,2,李敖自传与回忆(3)；李敖回忆录(3),老师、像、夫人、国民党、学生
毛四,司法人员,司法人员,99,6,6,2,2,李敖自传与回忆续集(4)；李敖回忆录(2),法院、特务、警察、国民党、管理员、所长、副所长、秘书
王云五,出版 / 政治人物,出版,99,6,6,2,3,李敖自传与回忆续集(4)；李敖自传与回忆(2),见、见证、部长、写信、老师、研究、政府
王墨林,见面,见面,99,6,6,2,2,李敖自传与回忆(5)；李敖回忆录(1),先生、朋友、妻、娶、妈妈、太太、请我、大学
甘地,神交引用,神交引用,99,6,6,2,4,李敖回忆录(4)；李敖自传与回忆续集(2),法庭、上诉、引用、拜访、一起、朋友、女儿、夫人
章太炎,出版,出版,99,6,4,3,4,李敖回忆录(3)；我最难忘的事和人(2)；李敖自传与回忆续集(1),将军、见、出版、杂志、文星、政府、序、研究
蒋女士,情感 / 财产债务,情感,99,6,6,1,1,李敖自传与回忆续集(6),支票、妻、存款、文星、太太
裴老太太,婚姻相关 / 邻居 / 称谓待考 / 见面,婚姻相关,99,6,6,1,1,我最难忘的事和人(6),太太、将军
谷正纲,政治人物 / 证人见证,政治人物,99,6,6,1,1,李敖自传与回忆续集(6),国民党、保释、交往、警备总部、见、见证、政府
陆象山,神交引用 / 师生,神交引用,99,6,6,1,1,我最难忘的事和人(6),思想、学生
陈立峰,出版,出版,99,6,6,2,3,李敖回忆录(4)；李敖自传与回忆(2),主编、文星、写信、认识、太太、找我、送我、投稿
马法五,军事人物,军事人物,99,6,6,1,1,我最难忘的事和人(6),司令、将军、认识、家里、警察、军法、电话、朋友
黄毅辛,同案狱友,同案狱友,99,6,6,2,3,李敖自传与回忆(3)；李敖回忆录(3),朋友、大学、采访、主任、特务、国民党、看守所、军法
龙云翔,律师代理 / 诉讼 / 通信,律师代理,99,6,6,3,5,李敖自传与回忆续集(3)；李敖回忆录(2)；我最难忘的事和人(1),律师、委由、去函、审判长、法院、将军、法官、书中
姜达绪,监狱行政 / 司法人员,监狱行政,99,5,5,1,1,我最难忘的事和人(5),所长、朋友、看守所、军法、县长、像、警察、请我
徐熙光,见面,见面,99,5,5,1,1,李敖回忆录(5),大学、请我、告诉我、认识、到我家、朋友、家里、文星
戴布兹,神交引用 / 政治异议者,神交引用,99,5,5,3,3,李敖自传与回忆续集(2)；李敖回忆录(2)；李敖自传与回忆(1),法庭、判决、总统
曾心仪,出版 / 政治异议者,出版,99,5,5,2,3,李敖回忆录(4)；我最难忘的事和人(1),访问、委员、一起、调查局、研究、看守所、军法
札奇斯钦,学术 / 同学同事 / 见面,学术,99,5,5,1,1,李敖自传与回忆(5),老师、研究、北大、主席、先生、学生、教授、委员
李永然,律师代理 / 诉讼,律师代理,99,5,5,2,2,李敖自传与回忆续集(4)；李敖回忆录(1),见、律师、离婚、见证、国民党、证人、财产、协议书
毛子水,学术 / 见面,学术,99,5,5,2,2,李敖自传与回忆(3)；李敖回忆录(2),老师、请他、一起、研究、思想、著作
爱因斯坦,神交引用,神交引用,99,5,5,1,2,李敖自传与回忆(5),请他、爸爸、北大
蔡维屏,师生,师生,99,5,5,1,1,李敖回忆录(5),老师、研究、主任、存证信、到我家、国民党、见、见面
赵天仪,学术,学术,99,5,5,3,3,李敖回忆录(3)；李敖自传与回忆(1)；我最难忘的事和人(1),台大、批评、哲学、诗、主任、大学、同学、报纸
郑彦棻,司法人员 / 政治人物 / 监狱行政,司法人员,99,5,5,2,2,李敖自传与回忆续集(4)；李敖回忆录(1),司法行政部、看守所、台北看守所、部长、舍房、政治、师生、检察官
吴章铨,出版 / 通信,出版,99,4,4,2,2,我最难忘的事和人(3)；李敖自传与回忆(1),投稿、文星、大学、告诉我、研究、交情、读
周康熙,财产债务 / 诉讼,财产债务,99,4,4,1,2,李敖自传与回忆续集(4),土地、保证金、检察官、法院、起诉、告发
张子扬,政治人物 / 证人见证,政治人物,99,4,4,1,1,我最难忘的事和人(4),委员、主任、党部、同学
杜甫,神交引用,神交引用,99,4,4,2,3,我最难忘的事和人(3)；李敖回忆录(1),诗、读、所谓、同学、国民党、特务
杜聿明,军事人物,军事人物,99,4,4,4,4,李敖自传与回忆(1)；李敖自传与回忆续集(1)；我最难忘的事和人(1)；李敖回忆录(1),爸爸、国民党、太太、将军
杨锦铨,师生,师生,99,4,4,2,2,李敖回忆录(3)；李敖自传与回忆(1),老师、学生、像、见、写信、师生
毛泽东,政治人物 / 神交引用,政治人物,99,4,4,2,4,李敖自传与回忆(2)；李敖回忆录(2),监狱、政治、学生、主席、教授、问我、研究、管理员
汪本流,监狱行政,监狱行政,99,4,4,2,2,李敖自传与回忆续集(3)；李敖回忆录(1),所长、副所长、看守所、陪他、电话、杂役、监狱
汪荣祖,媒体,媒体,99,4,4,1,2,李敖回忆录(4),记者、报导、记者招待会、教授、见、研究、看守所、军法
王护士,监所医疗,监所医疗,99,4,4,2,2,李敖自传与回忆续集(2)；李敖回忆录(2),课长、卫生课
石锦,姻亲,姻亲,99,4,4,2,2,李敖自传与回忆(3)；李敖回忆录(1),国民党、告诉我、爸爸、宣传、大学、党务、所谓、嫁给
罗斯福,神交引用,神交引用,99,4,4,2,2,我最难忘的事和人(3)；李敖自传与回忆续集(1),总统、见、序
蒋光超,媒体 / 证人见证 / 诉讼 / 见面,媒体,99,4,4,1,1,李敖回忆录(4),法院、诬告、法官、回信、问我
蔡俊军,同案狱友,同案狱友,99,4,4,2,2,李敖回忆录(3)；李敖自传与回忆续集(1),共产党、同房、同案、告诉我、警总、军法、特务、国民党
陈水扁,政治人物 / 公共论战,政治人物,99,4,4,2,2,李敖自传与回忆续集(3)；李敖回忆录(1),警总、杂志、编辑、记者、警备总部、政治、调查局、太太
陈纳德,军事人物 / 神交引用,军事人物,99,4,4,3,3,李敖自传与回忆(2)；李敖自传与回忆续集(1)；李敖回忆录(1),书中、爸爸、离婚、嫁给
黄信介,政治人物 / 政治异议者 / 媒体 / 公共论战,政治人物,99,4,4,2,2,李敖自传与回忆(3)；李敖自传与回忆续集(1),见、杂志、报纸、政府、读、上诉、国民党、政治
张耀华,情治警务 / 军事人物,情治警务,99,3,3,2,2,李敖自传与回忆续集(2)；李敖回忆录(1),保安处、告诉我、院长、上校、少将、警总、见、专案小组
王文发,看守戒护 / 监狱行政 / 刑求人员,看守戒护,99,3,3,1,1,李敖自传与回忆续集(3),课长、戒护课长、戒护、管理员、所长、杂役、见、绑担架
西门庆,虚拟人物,虚拟人物,99,3,3,3,3,李敖自传与回忆(1)；李敖自传与回忆续集(1)；李敖回忆录(1),研究、政府、国民党、思想、像
许文葵,师生,师生,99,3,3,3,3,李敖自传与回忆(1)；我最难忘的事和人(1)；李敖回忆录(1),老师、爸爸、诗
陈联欢,司法人员 / 诉讼,司法人员,99,3,3,2,2,李敖回忆录(2)；李敖自传与回忆续集(1),法官、法院、推事、诬告、产权、存证信
陈聪明,司法人员 / 诉讼,司法人员,99,3,3,2,2,李敖自传与回忆续集(2)；李敖回忆录(1),检察官、起诉、权状、书中、告发、一起、法官、诬告
陶渊明,神交引用,神交引用,99,3,3,2,3,李敖自传与回忆(2)；李敖回忆录(1),诗、像、爸爸、妈妈、主义
马歇尔,军事人物 / 政治人物 / 神交引用,军事人物,99,3,3,3,3,李敖自传与回忆续集(1)；我最难忘的事和人(1)；李敖回忆录(1),见、国民党、共产党、政治、杂志
景新汉,同学同事 / 见面,同学同事,98,6,6,4,6,李敖回忆录(3)；李敖自传与回忆(1)；李敖自传与回忆续集(1)；我最难忘的事和人(1),老师、朋友、出版、见、寄给、同学、台大、书中
刘士豪,见面,见面,98,4,4,2,2,李敖自传与回忆(3)；李敖自传与回忆续集(1),见、主任、找他、见到、见面、一起、儿子、监狱
伍伯英,司法人员 / 诉讼,司法人员,98,3,3,1,1,李敖回忆录(3),法官、检察官、电话、判决、上诉、公诉、诬告
徐公起,学术,学术,98,3,3,2,3,李敖自传与回忆(2)；李敖回忆录(1),送我、支票、秘书、先生
王德云,司法人员 / 诉讼,司法人员,98,3,3,1,1,李敖回忆录(3),法官、检察官、电话、判决、上诉、公诉、诬告、书中
蔡秀雄,司法人员 / 诉讼,司法人员,98,3,3,1,1,李敖回忆录(3),法官、检察官、电话、判决、上诉、公诉、诬告、书中
关中,公共论战 / 政治人物,公共论战,97,10,10,3,4,李敖回忆录(8)；李敖自传与回忆续集(1)；我最难忘的事和人(1),研究、主任、文星、学术、老师、像、教授、国民党
施敏雄,同学同事 / 感化人员,同学同事,97,9,9,3,4,李敖自传与回忆(4)；我最难忘的事和人(3)；李敖回忆录(2),认识、一起、同学、国民党、弟弟、请我、请他、学者
毛树清,同学同事 / 朋友 / 感化人员,同学同事,97,9,9,3,5,李敖自传与回忆(4)；李敖回忆录(4)；我最难忘的事和人(1),一起、同学、国民党、主任、上校、少将、学者、所谓
孙悟空,虚拟人物,虚拟人物,97,7,7,3,4,李敖回忆录(5)；李敖自传与回忆(1)；李敖自传与回忆续集(1),查禁、情书、大学、认识、警总、见、思想
程国强,同学同事 / 朋友,同学同事,97,7,7,3,5,李敖回忆录(5)；李敖自传与回忆续集(1)；我最难忘的事和人(1),爸爸、寄给、电话、同学、法务部、部长、学生、师生
周清玉,媒体 / 出版,媒体,97,5,5,3,4,我最难忘的事和人(2)；李敖回忆录(2)；李敖自传与回忆续集(1),关怀、杂志、政治、监狱、读
袁耀权,见面,见面,97,4,4,2,2,李敖自传与回忆(2)；李敖回忆录(2),见、同住、保安处、军法、学生、大学、看守所、警备总部
康白,见面 / 通信,见面,97,3,3,1,1,李敖自传与回忆续集(3),请我、打电话、电话
黄天迈,情治警务 / 监狱行政,情治警务,97,3,3,1,1,我最难忘的事和人(3),秘书、主任、警察、太太、共产党
陈士宽,同学同事,同学同事,96,4,4,3,3,李敖自传与回忆(2)；我最难忘的事和人(1)；李敖回忆录(1),老师、父亲、拳头、同学、学生、国民党、请我
司马迁,神交引用,神交引用,96,3,3,3,3,李敖自传与回忆(1)；我最难忘的事和人(1)；李敖回忆录(1),
季贵成,情治警务 / 刑求人员,情治警务,95,47,47,1,1,李敖自传与回忆续集(47),刑求、灌水、警总、刑警、像、导演、逼供、同案
陈碧君,见面 / 师生,见面,95,18,13,1,2,我最难忘的事和人(18),一起、大学、像、朋友、学生、部长、思想、同学
刘培初,情治警务 / 军事人物 / 人权救援 / 朋友,情治警务,95,15,15,1,1,我最难忘的事和人(15),秘书、主任、总统、见、朋友、见面、陪我、请我
何思源,政治人物,政治人物,95,11,11,1,1,我最难忘的事和人(11),市长、委员、警察、选举、主任、党部
萧广仁,财产债务 / 诉讼,财产债务,95,11,11,1,2,李敖自传与回忆续集(11),产权、房地、过户、代理、见、电话、土地、财产
李纯仁,亲属,亲属,95,10,10,1,1,李敖自传与回忆(10),儿子、女儿、同住、母亲、大学、妻、教授、太太
李蓝,出版 / 媒体 / 见面,出版,95,10,10,1,1,我最难忘的事和人(10),将军、见、出版、编辑、国民党、晤、像、找我
张永铭,情治警务 / 司法人员 / 朋友 / 人权救援,情治警务,95,7,7,1,1,我最难忘的事和人(7),司令、家里、请他、军法、见、请我
李国瑾,情治警务 / 军事人物 / 见面,情治警务,95,7,7,1,2,李敖回忆录(7),警总、主任、会面、出版、读、见、司令、查禁
周翔举,朋友 / 见面,朋友,95,6,6,1,1,李敖自传与回忆(6),爸爸、见、一起、儿子、朋友、国民党
徐志道,情治警务 / 监狱行政 / 人权救援,情治警务,95,6,6,1,1,我最难忘的事和人(6),见、弟弟、秘书、主任、牢房、告诉我、总统
汤炎光,出版 / 政治人物 / 见面,出版,95,6,6,1,1,李敖回忆录(6),杂志、像、调查局、研究
陈文茜,通信,通信,95,6,6,1,2,李敖回忆录(6),节目、打电话、电话、电视、朋友、民进党、见、证人
侯榕生,师生 / 亲属,师生,95,5,5,1,1,李敖回忆录(5),母亲、学生、教书、大学、像、台大
张公度,情治警务 / 朋友 / 证人见证,情治警务,95,5,5,1,1,我最难忘的事和人(5),见、妻、像、秘书、主任、共产党、弟弟、大学
张灏,学术 / 同学同事 / 见面,学术,95,5,5,1,2,李敖回忆录(5),台大、见、找我、教授、哲学、杂志、家里、父亲
郭紫峻,情治警务 / 政治人物,情治警务,95,5,5,3,3,我最难忘的事和人(3)；李敖自传与回忆(1)；李敖回忆录(1),爸爸、特务、国民党、委员
项迺光,感化人员 / 情治警务 / 朋友 / 见面,感化人员,95,5,5,3,5,李敖自传与回忆(2)；我最难忘的事和人(2)；李敖回忆录(1),国民党、弟弟、朋友、学者、所谓
许信良,公共论战 / 政治人物,公共论战,95,4,4,2,4,我最难忘的事和人(2)；李敖回忆录(2),民进党、台独、学生、杂志、文星、大学、批评、碰到
希特勒,神交引用,神交引用,95,3,3,2,3,李敖回忆录(2)；李敖自传与回忆(1),学生、总统
于斌,政治人物 / 见面,政治人物,94,8,8,3,3,我最难忘的事和人(3)；李敖回忆录(3)；李敖自传与回忆续集(2),请我、主任、攻击
周端甫,情治警务 / 监狱行政 / 见面,情治警务,94,7,7,1,1,我最难忘的事和人(7),牢房、学生、所长、代理
冀元铎,情治警务 / 诉讼,情治警务,94,6,6,1,1,李敖自传与回忆(6),调查局、请他、证人、审判官、所谓、告诉我、见
孙英善,同学同事,同学同事,94,6,6,3,4,李敖回忆录(3)；李敖自传与回忆(2)；我最难忘的事和人(1),大学、来信、读、作品、台大
林治平,通信,通信,94,3,3,1,1,李敖回忆录(3),先生、来信、弟弟
李文钧,亲属,亲属,93,8,8,2,2,李敖自传与回忆(7)；李敖自传与回忆续集(1),姐姐、妹妹、像、同住、女儿、读、教授、儿子
庄申,通信 / 学术,通信,93,7,7,2,2,李敖自传与回忆(6)；李敖回忆录(1),教授、授课、台大、儿子、老师、爸爸、妈妈、太太
史与为,情治警务 / 政治异议者,情治警务,93,6,6,2,2,李敖自传与回忆(3)；李敖回忆录(3),调查局、国民党、共产党
查良钊,学术 / 证人见证,学术,93,6,6,2,2,我最难忘的事和人(3)；李敖回忆录(3),台大、父亲、母亲、离婚
王文振,同学同事,同学同事,93,5,5,3,3,我最难忘的事和人(3)；李敖自传与回忆(1)；李敖回忆录(1),同学、见、见到、学生、研究
陈启天,公共论战 / 政治人物,公共论战,93,5,5,3,3,李敖自传与回忆续集(3)；李敖自传与回忆(1)；李敖回忆录(1),朋友、文星、政府、见、见证
余传韬,见面,见面,93,4,4,1,1,李敖回忆录(4),见、一起、大学、问我、父亲、国民党
吴景中,情治警务 / 朋友 / 同案狱友,情治警务,93,4,4,1,1,我最难忘的事和人(4),牢房、朋友、电话、警察、关怀、一起
段宏俊,证人见证,证人见证,93,4,4,2,2,李敖自传与回忆续集(3)；李敖回忆录(1),见、证人、离婚、见证、协议书、签名可证、律师、房产
屠申虹,出版 / 见面,出版,92,4,4,1,2,李敖回忆录(4),杂志、像、研究、电话
胡传厚,媒体,媒体,92,4,4,2,2,李敖自传与回忆(3)；李敖回忆录(1),父亲、国民党、思想、学生、朋友、儿子
李锡恩,学术 / 政治人物,学术,92,3,3,2,2,李敖自传与回忆(2)；李敖回忆录(1),大学、爸爸、委员、序、北大
罗志希,出版 / 政治人物,出版,92,3,3,2,2,李敖自传与回忆(2)；李敖回忆录(1),编辑、主任、法院、委员、先生、大学
李华俊,同学同事 / 见面,同学同事,91,5,5,3,4,我最难忘的事和人(2)；李敖回忆录(2)；李敖自传与回忆(1),见、老师、认识、见到、陪我、电报、告诉我、爸爸
周道济,感化人员,感化人员,91,4,4,3,4,李敖自传与回忆(2)；我最难忘的事和人(1)；李敖回忆录(1),国民党、弟弟、学者、所谓
屠炳春,感化人员,感化人员,91,4,4,3,4,李敖自传与回忆(2)；我最难忘的事和人(1)；李敖回忆录(1),国民党、弟弟、学者、所谓
王洸,感化人员,感化人员,91,4,4,3,4,李敖自传与回忆(2)；我最难忘的事和人(1)；李敖回忆录(1),国民党、弟弟、学者、所谓
高时运,同案狱友 / 政治人物,同案狱友,91,4,4,1,1,李敖自传与回忆(4),读、像、大学、朋友、采访、主任、学生
卢泉锦,师生,师生,90,5,4,1,1,我最难忘的事和人(5),老师、朋友、像
崔积泽,同案狱友 / 朋友,同案狱友,90,5,5,2,2,李敖自传与回忆(3)；李敖回忆录(2),一起、朋友、大学、采访、主任、同房
何飞鹏,出版 / 媒体 / 见面,出版,90,3,3,1,3,李敖回忆录(3),认识、读、序
郑文良,看守戒护,看守戒护,90,3,3,2,2,李敖自传与回忆续集(2)；我最难忘的事和人(1),管理员、同房、见、关怀、读
俞中兴,江湖人物 / 同案狱友,江湖人物,89,16,16,1,1,李敖自传与回忆(16),警察、见、朋友、起诉、看守所、读、军法、认识
叶肇模,财产债务 / 诉讼,财产债务,89,12,12,1,2,李敖自传与回忆续集(12),电话、房地、上诉、代理、见、土地、产权、财产
于右任,政治人物 / 见面,政治人物,89,7,7,2,2,李敖回忆录(6)；我最难忘的事和人(1),请我、总统、共产党
周伟龙,情治警务 / 军事人物 / 同案狱友,情治警务,89,7,7,1,1,我最难忘的事和人(7),警总、秘书、主任、委员、警察、政治、牢房、像
姜盛三,情治警务 / 同案狱友,情治警务,89,7,7,1,1,我最难忘的事和人(7),太太、共产党、委员
于长城,政治异议者,政治异议者,89,6,6,1,1,李敖自传与回忆(6),政府、国民党、宣传、记者、总统、共产党、警总、法庭
王霭芬,政治人物,政治人物,89,6,6,1,1,我最难忘的事和人(6),市长、选举、国民党、对我说、主任、委员、立委、党部
黄宏成,师生 / 学术 / 见面,师生,89,6,6,1,1,李敖回忆录(6),学生、大学、请他、请我、写信、主任、电话
吉章简,情治警务 / 军事人物 / 政治人物,情治警务,89,5,5,1,1,我最难忘的事和人(5),警总、军长、秘书、主任、委员、警察、对我说
康淑媛,证人见证 / 财产债务,证人见证,89,5,5,1,1,我最难忘的事和人(5),妻、像、太太、见
张伯伯,称谓待考 / 见面,称谓待考,89,5,5,1,1,李敖自传与回忆(5),读、见、师母、到我家、警察、交情
王建福,同案狱友,同案狱友,89,5,5,1,1,李敖自传与回忆续集(5),岗哨、看守所、台北看守所、管理员、起诉、见、司法行政部、杂役
璩诗方,证人见证 / 姻亲 / 财产信托 / 通信,证人见证,89,4,4,1,1,李敖自传与回忆续集(4),诗、存证信、意思表示中止、信托、信托关系、法庭
陶涤亚,感化人员,感化人员,89,4,4,3,4,李敖自传与回忆(2)；我最难忘的事和人(1)；李敖回忆录(1),国民党、同学、学者、所谓
岳飞,神交引用,神交引用,89,3,3,1,1,我最难忘的事和人(3),将军
张伯敏,学术,学术,89,3,3,1,1,李敖自传与回忆(3),老师、见、史学、大学、教授、主义
谭坤泉,看守戒护 / 证人见证 / 刑求受害,看守戒护,89,3,3,1,1,李敖自传与回忆续集(3),管理员、见、绑担架、检察官、戒护
司马文武,诉讼 / 公共论战,诉讼,88,3,3,1,1,李敖回忆录(3),推事
李钟桂,婚姻相关 / 公共论战 / 见面,婚姻相关,88,3,3,1,1,我最难忘的事和人(3),文星、结婚、学生、杂志、大学、批评、请我、同学
王济中,监狱行政 / 政治人物,监狱行政,88,3,3,3,3,李敖自传与回忆续集(1)；我最难忘的事和人(1)；李敖回忆录(1),法务部、监狱、推事、法院、判决、台北监狱、部长
胡颂平,学术,学术,88,3,3,1,1,李敖自传与回忆(3),见、秘书、同学、研究、台大、先生、请我、学生
余又健,师生,师生,88,2,2,2,2,李敖自传与回忆(1)；李敖回忆录(1),老师、爸爸
杨肇南,师生,师生,88,2,2,2,2,李敖自传与回忆(1)；李敖回忆录(1),老师、男友、共产党、所谓、像
杨肖震,师生,师生,88,2,2,2,2,李敖自传与回忆(1)；李敖回忆录(1),老师、朋友、太太、嫁给、共产党
程东白,师生,师生,88,2,2,2,2,李敖自传与回忆(1)；李敖回忆录(1),老师、大学
翁硕柏,师生,师生,88,2,2,2,2,李敖自传与回忆(1)；李敖回忆录(1),老师
岳梓宇,朋友 / 证人见证,朋友,87,5,5,1,1,我最难忘的事和人(5),妻、像、见、家里、请我、大学
李耀祖,同学同事 / 见面,同学同事,87,4,4,3,4,李敖回忆录(2)；李敖自传与回忆(1)；我最难忘的事和人(1),大学、见
柴松林,感化人员,感化人员,87,4,4,3,4,李敖自传与回忆(2)；我最难忘的事和人(1)；李敖回忆录(1),国民党、读、少将、弟弟
武则天,公共论战,公共论战,87,4,4,1,1,李敖回忆录(4),国民党、作品、诗、查禁
王曾才,同学同事 / 见面,同学同事,87,4,4,3,3,李敖自传与回忆(2)；我最难忘的事和人(1)；李敖回忆录(1),大学、见
吕思勉,学术 / 神交引用,学术,87,3,3,3,3,李敖自传与回忆续集(1)；我最难忘的事和人(1)；李敖回忆录(1),老师、学生、史学
魏宜智,情治警务,情治警务,87,3,3,2,2,李敖回忆录(2)；李敖自传与回忆续集(1),保安处、见、专案小组、调查局、研究、警备总部
倪超凡,情治警务 / 军事人物,情治警务,86,5,5,1,1,我最难忘的事和人(5),委员、见、教授
王孔安,情治警务 / 朋友 / 见面,情治警务,86,5,5,1,1,我最难忘的事和人(5),见、电报、同学、诗、朋友、家里
卢华栋,同学同事 / 同案狱友 / 政治异议者 / 见面,同学同事,86,4,4,1,1,李敖回忆录(4),见、同学、特务、碰到、台大、结婚、政治、国民党
周忠明,老兵士官 / 军事人物 / 朋友 / 见面,老兵士官,86,4,4,2,2,我最难忘的事和人(2)；李敖回忆录(2),送我、找我
江亢虎,党务宣传,党务宣传,86,4,3,2,3,李敖回忆录(3)；我最难忘的事和人(1),政府、宣传、见、碰到、老师、台大、文学、国民党
丘宏达,学术 / 公共论战,学术,86,3,3,2,2,我最难忘的事和人(2)；李敖自传与回忆续集(1),学生、杂志、大学、同学、同班、所谓、台大、政治
张树忠,看守戒护 / 财产债务,看守戒护,86,3,3,1,1,李敖自传与回忆续集(3),岗哨、管理员、临时管理员
郭刑警,情治警务 / 刑求人员,情治警务,86,3,3,1,1,李敖自传与回忆续集(3),脱去我的衣服、刑警、绑我的、见、木棍
聂开国,律师代理,律师代理,86,2,2,2,2,李敖自传与回忆续集(1)；李敖回忆录(1),律师、审判长、审判官、检察官、判决、上诉、警备总部
王崇五,朋友 / 人权救援,朋友,85,7,7,1,1,我最难忘的事和人(7),委员、起诉、朋友、见、所长、副所长、总统
尚望,情治警务 / 朋友 / 见面,情治警务,85,5,5,2,3,李敖自传与回忆(3)；我最难忘的事和人(2),爸爸、研究
林紫耀,证人见证 / 财产债务 / 诉讼,证人见证,85,4,4,2,3,李敖自传与回忆续集(3)；李敖回忆录(1),结证、法官
李世杰,情治警务 / 同案狱友,情治警务,85,3,3,2,2,李敖自传与回忆续集(2)；李敖回忆录(1),特务、国民党、一起、调查局、研究、看守所、军法
萧近仁,财产债务 / 诉讼,财产债务,84,10,10,1,1,李敖自传与回忆续集(10),房地、代理、见、电话、土地、产权、财产
赵培鑫,朋友 / 见面,朋友,84,8,8,1,1,我最难忘的事和人(8),好友、主任
张乐平,媒体 / 神交引用,媒体,84,7,7,2,2,李敖回忆录(5)；李敖自传与回忆(2),一起
刘人奎,情治警务 / 军事人物,情治警务,84,4,4,1,1,我最难忘的事和人(4),见、共产党、见面、写信、告诉我、主任
周弘,同学同事 / 见面,同学同事,84,4,4,3,4,李敖回忆录(2)；李敖自传与回忆(1)；我最难忘的事和人(1),老师、妻、序
陈琏先,师生,师生,84,4,3,1,1,李敖自传与回忆(4),同学、老师、学生、打电话、电话、女儿、父亲
万兆芝,师生,师生,84,3,3,2,2,李敖自传与回忆(2)；李敖回忆录(1),国民党、教授、大学、代理、秘书、北大
刘福增,出版 / 公共论战,出版,84,3,3,2,3,李敖回忆录(2)；我最难忘的事和人(1),国民党、批评、读、先生、见、老师
金亚平,监所医疗 / 监狱行政,监所医疗,84,3,3,2,2,李敖自传与回忆续集(2)；李敖回忆录(1),课长、卫生课、看守所
朱广诚,同学同事 / 见面,同学同事,83,5,5,3,4,我最难忘的事和人(2)；李敖回忆录(2)；李敖自传与回忆(1),见、认识、同班
许女士,情感,情感,83,5,5,1,2,李敖自传与回忆续集(5),太太、妻、夫人
仇安台,看守戒护,看守戒护,83,4,3,1,1,李敖自传与回忆续集(4),管理员、杂役
唐嗣尧,政治人物 / 情治警务,政治人物,83,4,4,1,1,我最难忘的事和人(4),委员、主任、市长、选举
陈又亮,同学同事 / 见面,同学同事,83,4,4,3,4,李敖回忆录(2)；李敖自传与回忆(1)；我最难忘的事和人(1),老师、同学、台大、书中
史静波,出版 / 通信,出版,83,3,3,3,3,李敖自传与回忆续集(1)；我最难忘的事和人(1)；李敖回忆录(1),台大、文学、投稿、文星、大学、爸爸
徐伟森,朋友 / 见面,朋友,83,3,3,1,1,李敖自传与回忆(3),爸爸、见、朋友、太太、妈妈
李传理,通信,通信,83,3,3,1,1,李敖自传与回忆续集(3),电话、结证、证人、找我、打电话、出版、出版社、所谓
王新德,同学同事 / 朋友,同学同事,83,3,3,2,2,我最难忘的事和人(2)；李敖回忆录(1),同学、像、文星、同班
许文志,看守戒护 / 刑求人员 / 诉讼,看守戒护,83,3,3,1,1,李敖自传与回忆续集(3),朋友、女友、认识、电话、看守所、台北看守所、管理员
谭洁力,见面,见面,83,3,3,1,1,李敖回忆录(3),爸爸、见、见到、陪我、主任、市长
魏文龙,看守戒护 / 刑求人员 / 诉讼,看守戒护,83,3,3,1,1,李敖自传与回忆续集(3),朋友、女友、认识、电话、看守所、台北看守所、管理员
黄铭强,看守戒护 / 刑求人员,看守戒护,83,2,2,1,1,李敖自传与回忆续集(2),课员、课长、戒护课长、管理员、戒护
刘光朝,情治警务 / 朋友 / 见面,情治警务,82,4,4,1,1,我最难忘的事和人(4),学生、牢房、朋友、家里
刘翼云,师生,师生,82,3,3,1,1,我最难忘的事和人(3),学生、主任、牢房、司令
吴家元,财产债务 / 政治人物,财产债务,82,3,3,1,1,我最难忘的事和人(3),政府、家里、太太、委员
吴祥辉,媒体 / 公共论战,媒体,82,3,3,1,1,李敖自传与回忆续集(3),编辑、副总编辑、法官、引用、见
张毅夫,情治警务,情治警务,82,3,3,1,1,我最难忘的事和人(3),所长、太太、见、一起、攻击
李玄伯,师生 / 学术,师生,82,3,3,2,2,李敖自传与回忆续集(2)；李敖自传与回忆(1),书中、古代、史学、先生、著作、老师、读
林宗科,同案狱友 / 财产债务,同案狱友,82,3,3,1,1,李敖自传与回忆续集(3),监狱、台北监狱、看守所、同案、法务部
林荣宗,同案狱友 / 刑求受害,同案狱友,82,3,3,1,1,李敖自传与回忆续集(3),管理员、课员、课长、戒护课长、戒护、凌虐
翁春霞,亲属,亲属,82,3,3,1,1,李敖自传与回忆续集(3),母亲、女友、保安处、政治、同案
郝柏村,党务宣传,党务宣传,82,3,3,1,2,李敖回忆录(3),国民党、查禁、法院、控告、总统、儿子、电视
陈果夫,政治人物 / 神交引用,政治人物,82,3,3,2,2,李敖自传与回忆(2)；李敖自传与回忆续集(1),国民党、序、思想、主义、先生、见
乔凤藻,同案狱友,同案狱友,81,3,3,1,1,我最难忘的事和人(3),母亲、弟弟、朋友、主任、军法
杨世彭,同学同事 / 见面,同学同事,81,3,3,3,3,李敖自传与回忆(1)；我最难忘的事和人(1)；李敖回忆录(1),大学、见
袁天中,同学同事 / 见面,同学同事,81,3,3,3,3,李敖自传与回忆(1)；我最难忘的事和人(1)；李敖回忆录(1),大学、见
邱复生,媒体,媒体,81,3,3,1,1,李敖回忆录(3),节目、电视、国民党、批评、打电话、电话、朋友
段春理,情治警务 / 军事人物 / 见面,情治警务,81,2,2,1,1,李敖回忆录(2),文星、少将、拜访、会面、警总、编辑、主任、政战
曾子,神交引用,神交引用,80,5,5,3,3,李敖自传与回忆(3)；李敖自传与回忆续集(1)；我最难忘的事和人(1),读、太太
孙膑,神交引用 / 军事人物,神交引用,80,4,4,1,2,我最难忘的事和人(4),史学、所谓
安瑞甫,媒体 / 见面,媒体,80,3,3,1,1,李敖自传与回忆续集(3),文星、报导、太太、记者
林世煜,媒体 / 公共论战,媒体,80,3,3,2,2,我最难忘的事和人(2)；李敖回忆录(1),见、见到、杂志、太太、思想、古代
石文杰,见面,见面,80,3,3,1,2,李敖回忆录(3),见、送我、节目、电视、同学
蔡国扬,同案狱友,同案狱友,80,3,3,1,1,李敖自传与回忆续集(3),看守所、警察、同案、监狱、台北监狱、所长、台北看守所
邱义仁,媒体 / 政治人物 / 公共论战,媒体,80,3,3,2,2,我最难忘的事和人(2)；李敖自传与回忆续集(1),杂志、见、见到、调查局、编辑、警备总部
王蒲臣,情治警务 / 朋友,情治警务,79,4,4,1,1,我最难忘的事和人(4),请我、委员
林水泉,情治警务,情治警务,79,3,3,1,1,李敖回忆录(3),特务、国民党、委员、先生
范子文,同案狱友 / 情治警务 / 政治异议者,同案狱友,79,3,3,1,1,李敖回忆录(3),调查局、看守所、军法、姐姐、太太、国民党、像
陈晓林,朋友,朋友,79,3,3,1,3,李敖回忆录(3),告诉我、国民党、见、朋友、看守所、证人
顾祝同,军事人物 / 政治人物 / 出版,军事人物,79,3,3,1,1,我最难忘的事和人(3),出版、书中、所谓、将军
周克敏,姻亲,姻亲,79,2,2,2,2,李敖自传与回忆(1)；李敖回忆录(1),妈妈、女儿、夫人、先生、嫁给、大学
黄杰,政治人物 / 军事人物 / 见面,政治人物,78,4,4,1,1,李敖回忆录(4),总统、拜访、文星、国民党
周蔚英,婚姻相关 / 见面,婚姻相关,78,3,3,1,1,我最难忘的事和人(3),认识、娶、离婚、太太
张庆恩,同学同事 / 朋友 / 见面,同学同事,78,3,3,3,3,李敖自传与回忆续集(1)；我最难忘的事和人(1)；李敖回忆录(1),调查局、见、国民党
侯子忠,看守戒护,看守戒护,78,2,2,1,1,李敖自传与回忆续集(2),课员、警总、看守所、法院、见、认识、朋友、律师
刘子健,学术,学术,78,2,2,2,2,李敖自传与回忆(1)；李敖回忆录(1),见、一起、写信
姚渔湘,学术 / 见面,学术,78,2,2,2,2,李敖自传与回忆(1)；李敖回忆录(1),法官、先生、老师
李伋,神交引用,神交引用,78,2,2,2,2,李敖自传与回忆(1)；李敖回忆录(1),见、老师
端木恺,司法人员,司法人员,78,2,2,2,2,李敖自传与回忆(1)；李敖回忆录(1),律师、控告
芮逸夫,学术,学术,78,2,2,2,2,李敖自传与回忆(1)；李敖回忆录(1),见、一起、写信、先生
黄永寿,看守戒护 / 刑求人员,看守戒护,78,2,2,1,1,李敖自传与回忆续集(2),凌虐、课员、脚镣、钉脚镣
洪炳麟,同案狱友 / 政治人物,同案狱友,77,4,4,1,1,李敖自传与回忆续集(4),妻、判决、同案、看守所、杂役、上诉
袁祝泰,同学同事 / 见面,同学同事,77,4,4,3,4,李敖回忆录(2)；李敖自传与回忆(1)；我最难忘的事和人(1),同学、台大、书中
刘启瑞,情治警务 / 学术,情治警务,77,3,3,1,1,我最难忘的事和人(3),大学、秘书、主任、先生
丘吉尔,神交引用,神交引用,77,2,2,2,2,李敖自传与回忆续集(1)；李敖回忆录(1),女儿、电视
伏尔泰,神交引用,神交引用,77,2,2,2,2,李敖自传与回忆(1)；李敖回忆录(1),思想、见、像
毛惕园,情治警务 / 朋友 / 见面,情治警务,76,5,5,1,1,我最难忘的事和人(5),牢房、委员
叶迫,同案狱友,同案狱友,76,4,4,1,1,李敖回忆录(4),像
马兴骏,情治警务 / 同案狱友,情治警务,76,4,4,1,1,我最难忘的事和人(4),像、见、一起、牢房、朋友
傅有权,情治警务 / 朋友,情治警务,76,3,3,1,1,我最难忘的事和人(3),朋友、家里、告诉我、太太、总统、认识、警察、司令
吴毅安,军事人物 / 政治人物,军事人物,76,3,3,1,1,我最难忘的事和人(3),问我、太太、妻、请我
杨祖燕,同学同事 / 见面,同学同事,76,3,3,3,3,李敖自传与回忆(1)；我最难忘的事和人(1)；李敖回忆录(1),大学
林淑美,同学同事 / 见面,同学同事,76,3,3,3,3,李敖自传与回忆(1)；我最难忘的事和人(1)；李敖回忆录(1),大学
顾维钧,政治人物 / 神交引用,政治人物,76,3,3,1,1,李敖自传与回忆(3),告诉我、爸爸、政治
鲁塔斯,公共论战,公共论战,76,3,3,1,1,李敖回忆录(3),攻击、朋友
斯大林,神交引用,神交引用,76,2,2,2,2,李敖自传与回忆(1)；李敖回忆录(1),学生
白居易,神交引用,神交引用,76,2,2,2,2,李敖自传与回忆(1)；李敖回忆录(1),写信、弟弟、诗
罗伯特雷德福,神交引用,神交引用,75,9,9,1,1,我最难忘的事和人(9),书中、像、总统
孔觉民,情治警务,情治警务,75,4,4,1,1,我最难忘的事和人(4),见、弟弟
仁井田陞,学术 / 神交引用,学术,74,3,3,1,1,我最难忘的事和人(3),研究、学者、著作、拜访、陪我、教授、政治
姚蓉轩,同学同事 / 朋友 / 见面,同学同事,74,3,3,1,1,我最难忘的事和人(3),委员、司令、先生
李霁野,学术 / 出版,学术,74,3,3,1,1,我最难忘的事和人(3),朋友、教授、台大、序
梁上栋,政治人物 / 见面,政治人物,74,3,3,1,1,我最难忘的事和人(3),认识、院长、像、委员、请我
赵元任,学术,学术,74,3,3,2,3,李敖自传与回忆(2)；李敖回忆录(1),离婚、论文
孔庸之,见面,见面,74,2,2,1,1,我最难忘的事和人(2),先生、见、见面、主任、委员
戴颂仪,情治警务 / 军事人物,情治警务,74,2,2,1,1,我最难忘的事和人(2),教授、朋友、大学、主任、见、先生
许登源,同案狱友,同案狱友,74,2,2,1,1,李敖回忆录(2),探监、写信
钱宾四,学术 / 神交引用,学术,74,2,2,2,2,李敖自传与回忆(1)；李敖自传与回忆续集(1),先生、像、写信、攻击
钱翊平,出版 / 同学同事 / 见面,出版,74,2,2,1,1,李敖回忆录(2),找他、秘书
马可仕,政治人物,政治人物,74,2,2,2,2,李敖自传与回忆(1)；李敖回忆录(1),记者、总统、政府
张明,出版 / 见面,出版,73,3,3,2,3,李敖回忆录(2)；李敖自传与回忆(1),见、家里、朋友、文星
梁化之,政治人物,政治人物,73,3,3,1,1,我最难忘的事和人(3),总统、师长、朋友
浮士德,虚拟人物,虚拟人物,73,3,3,1,1,我最难忘的事和人(3),史学、法院
王贵民,见面 / 出版,见面,73,3,3,1,1,李敖自传与回忆(3),国民党、大学
戴炎辉,师生,师生,73,2,2,1,1,我最难忘的事和人(2),拜访、陪我、教授、学者、著作、研究
陈中雄,出版 / 见面,出版,72,4,4,1,4,李敖回忆录(4),请我、出版、出版社、书里
华昌平,同学同事 / 见面,同学同事,72,3,3,3,3,李敖自传与回忆(1)；我最难忘的事和人(1)；李敖回忆录(1),老师
沈铭三,朋友 / 见面,朋友,72,3,3,2,3,李敖回忆录(2)；李敖自传与回忆(1),朋友、先生
白绍康,同学同事 / 见面,同学同事,72,3,3,3,3,李敖自传与回忆(1)；我最难忘的事和人(1)；李敖回忆录(1),老师
傅朝枢,出版 / 见面,出版,72,2,2,1,1,我最难忘的事和人(2),将军、先生、送我、出版
平鑫涛,出版 / 见面,出版,72,2,2,1,1,李敖回忆录(2),请我、跟我说
曹操,神交引用,神交引用,72,2,2,1,2,李敖回忆录(2),见、历史上、碰到
李彬如,军事人物,军事人物,72,2,2,1,1,李敖回忆录(2),刑求、保安处、检察官、上校
林浩兴,同案狱友 / 刑求受害,同案狱友,72,2,2,1,1,李敖自传与回忆续集(2),脚镣、钉脚镣、同案、检察官、看守所、所长、法院、课员
石齐平,师生,师生,72,2,2,1,2,李敖回忆录(2),同学、老师、像
袁英华,同学同事 / 见面,同学同事,72,2,2,2,2,李敖自传与回忆(1)；李敖回忆录(1),秘书
何秀煌,姻亲 / 证人见证,姻亲,71,2,2,1,1,李敖自传与回忆续集(2),见、太太、公证书、离婚
周之鸣,朋友 / 见面,朋友,71,2,2,2,2,李敖自传与回忆续集(1)；李敖回忆录(1),访问、碰到、问我、律师、朋友、史学
时告诉,通信,通信,71,2,2,2,2,李敖自传与回忆续集(1)；李敖回忆录(1),告诉我、写信、见、写稿
王靖雯,媒体,媒体,71,2,2,2,2,李敖自传与回忆(1)；李敖回忆录(1),女儿、夫人、小姐、朋友、将军
张家铨,情治警务 / 政治人物,情治警务,70,3,3,1,1,我最难忘的事和人(3),主任、一起、总统、委员
张斌,医疗照护 / 学术,医疗照护,70,3,3,1,1,我最难忘的事和人(3),主任
白世维,情治警务 / 朋友,情治警务,70,3,3,1,1,我最难忘的事和人(3),代理、警察、司令、朋友、告诉我、家里、太太、总统
周桐雨,见面,见面,70,2,2,1,1,李敖自传与回忆(2),学生、同学、弟弟、家里、太太
孟昭常,亲属,亲属,70,2,2,1,1,我最难忘的事和人(2),离婚、朋友、父亲、母亲、弟弟、读、台大
徐国材,姻亲,姻亲,70,2,2,1,1,李敖自传与回忆(2),爸爸、妈妈、嫁给、大学
林洋港,政治人物,政治人物,70,2,2,2,2,李敖自传与回忆续集(1)；李敖回忆录(1),部长、国民党、请我、法院、情治
温锦丰,看守戒护 / 财产债务,看守戒护,70,2,2,1,1,李敖自传与回忆续集(2),岗哨、管理员、临时管理员
莎士比亚,神交引用,神交引用,70,2,2,1,1,李敖自传与回忆续集(2),
赖锡志,看守戒护 / 财产债务 / 诉讼,看守戒护,70,2,2,1,1,李敖自传与回忆续集(2),主任、管理员、主任管理员、公诉、见、课长
陈顾远,学术 / 律师代理 / 公共论战,学术,70,2,2,1,1,李敖回忆录(2),律师、辩护、法庭、请他
黄加持,情治警务 / 朋友 / 见面,情治警务,69,4,4,1,1,我最难忘的事和人(4),警察
于书绅,情治警务 / 朋友 / 见面,情治警务,69,3,3,1,1,我最难忘的事和人(3),朋友、警察、家里
小甜甜,医疗照护 / 称谓待考 / 见面,医疗照护,69,3,3,1,1,我最难忘的事和人(3),一起、见、病房
赵斌成,情治警务 / 朋友 / 见面,情治警务,69,3,3,1,1,我最难忘的事和人(3),共产党、秘书、主任
吴尚纬,看守戒护 / 刑求人员 / 诉讼,看守戒护,69,2,2,1,1,李敖自传与回忆续集(2),认识、电话、朋友、看守所、台北看守所、管理员、女友
张齐斌,政治人物,政治人物,69,2,2,1,1,李敖自传与回忆续集(2),太太、法务部、所长、法院、委员、电话、杂役、起诉
蒋复璁,学术,学术,69,2,2,1,1,李敖自传与回忆(2),教授、授课、还钱、杂志
蔡甘清,同案狱友 / 政治人物,同案狱友,69,2,2,1,1,李敖自传与回忆续集(2),妻、同案、看守所、杂役
邹志英,见面 / 同案狱友,见面,69,2,2,1,1,我最难忘的事和人(2),认识、太太、离婚
陈金凤,看守戒护 / 财产债务 / 诉讼,看守戒护,69,2,2,1,1,李敖自传与回忆续集(2),见、接见、管理员、女儿、福利社
姜诏谟,情治警务 / 朋友 / 见面,情治警务,68,3,3,1,1,我最难忘的事和人(3),朋友、陪我、告诉我、大学、律师
孙武,神交引用 / 军事人物,神交引用,68,3,3,1,1,我最难忘的事和人(3),史学、所谓
张辅邦,情治警务 / 朋友 / 见面,情治警务,68,3,3,1,1,我最难忘的事和人(3),请我
勘勘,亲属 / 称谓待考,亲属,68,2,2,2,2,李敖自传与回忆(1)；李敖回忆录(1),儿子、女儿、诗、碰到、太太
张立豫,姻亲,姻亲,68,2,2,1,2,李敖回忆录(2),嫁给、大学、台大、哥哥、学者、论文
张莘夫,朋友,朋友,68,2,2,1,1,李敖自传与回忆(2),爸爸、主席、朋友、委员、国民党、共产党
杨次长,监狱行政 / 称谓待考,监狱行政,68,2,2,1,1,李敖自传与回忆续集(2),法务部、监狱、看守所、台北监狱
杨英龙,同案狱友 / 刑求受害,同案狱友,68,2,2,1,1,李敖自传与回忆续集(2),绑担架、检察官、管理员
王民信,学术 / 同学同事,学术,68,2,2,1,1,李敖自传与回忆(2),老师、教授、研究、委员
胡宗南,军事人物,军事人物,68,2,2,1,1,我最难忘的事和人(2),师长、司令、军长、参谋
蒋家语,通信 / 证人见证,通信,68,2,2,1,1,李敖自传与回忆续集(2),警总、政战、律师
谌谌,亲属 / 称谓待考,亲属,68,2,2,2,2,李敖自传与回忆(1)；李敖回忆录(1),女儿、妈妈、诗、碰到、儿子、太太
陈培基,司法人员 / 诉讼,司法人员,68,2,2,2,2,李敖自传与回忆续集(1)；李敖回忆录(1),诗、法官、判决
陶百川,司法人员 / 政治人物,司法人员,68,2,2,1,1,李敖自传与回忆(2),市长、国民党、军法、学生
魏以之,情治警务 / 公共论战,情治警务,68,2,2,2,2,李敖自传与回忆(1)；李敖自传与回忆续集(1),保安处、警总、见、调查局
顾翊群,学术 / 公共论战,学术,67,3,3,2,2,李敖自传与回忆(2)；李敖回忆录(1),文星、批评
俞济时,军事人物 / 政治人物,军事人物,67,2,2,1,2,我最难忘的事和人(2),见、家里、警总、总统、警察
唐乃建,情治警务 / 政治人物,情治警务,67,2,2,1,1,我最难忘的事和人(2),警察、司令、先生、找他、主任、党部
杨西崑,通信,通信,67,2,2,1,2,李敖回忆录(2),电报、同学、北大、政治、朋友、将军、先生
温士源,政治人物 / 公共论战,政治人物,67,2,2,2,2,我最难忘的事和人(1)；李敖回忆录(1),法院、立委、国民党、报导、委员、电视、监狱、台北监狱
张金龙,医疗照护 / 见面,医疗照护,66,5,5,1,1,我最难忘的事和人(5),像
佟耀勋,同学同事 / 见面,同学同事,66,3,3,3,3,李敖自传与回忆(1)；我最难忘的事和人(1)；李敖回忆录(1),
张克斌,同学同事 / 见面,同学同事,66,3,3,3,3,李敖自传与回忆(1)；我最难忘的事和人(1)；李敖回忆录(1),
祝庭生,同学同事 / 见面,同学同事,66,3,3,3,3,李敖自传与回忆(1)；我最难忘的事和人(1)；李敖回忆录(1),
阙至正,同学同事 / 见面,同学同事,66,3,3,3,3,李敖自传与回忆(1)；我最难忘的事和人(1)；李敖回忆录(1),
黄锡昌,同学同事 / 见面,同学同事,66,3,3,3,3,李敖自传与回忆(1)；我最难忘的事和人(1)；李敖回忆录(1),
孟昭熙,情治警务 / 监狱行政,情治警务,66,2,2,1,1,李敖自传与回忆续集(2),看守所、所长、台北看守所、警察
张志智,政治人物 / 见面,政治人物,66,2,2,1,1,我最难忘的事和人(2),委员、国民党
张瑞珂,见面,见面,66,2,2,2,2,李敖自传与回忆(1)；李敖回忆录(1),
徐钟珮,出版 / 见面,出版,66,2,2,2,2,李敖自传与回忆(1)；李敖回忆录(1),见、家里、一起、大学
李方桂,学术 / 见面,学术,66,2,2,2,2,李敖自传与回忆(1)；李敖回忆录(1),请他、一起、老师、研究、主编、文星、送我
王兆民,政治人物 / 亲属 / 通信,政治人物,66,2,2,1,2,李敖回忆录(2),委员、特务
王洪钧,出版,出版,66,2,2,1,1,李敖自传与回忆(2),读、老师、主任、先生、问我、攻击
罗香林,学术,学术,66,2,2,2,2,李敖自传与回忆续集(1)；李敖回忆录(1),
阮继光,同学同事 / 见面,同学同事,66,2,2,2,2,李敖自传与回忆(1)；李敖回忆录(1),见、请我、秘书
陈鸿渐,情治警务 / 同案狱友 / 刑求人员,情治警务,66,2,2,2,2,李敖自传与回忆续集(1)；李敖回忆录(1),同房、警总
陶龙生,亲属,亲属,66,2,2,1,1,李敖回忆录(2),国民党、儿子、跟我说
骆明道,朋友 / 见面,朋友,66,2,2,1,1,李敖回忆录(2),到我家、像
黄德贤,司法人员 / 诉讼,司法人员,66,2,2,2,2,李敖自传与回忆续集(1)；李敖回忆录(1),推事
刘戈青,情治警务 / 朋友 / 见面,情治警务,65,3,3,1,1,我最难忘的事和人(3),一起、交情、警总、刑警、警察
刘刑警,情治警务 / 刑求人员,情治警务,65,2,2,1,1,李敖自传与回忆续集(2),脱去我的衣服、刑警、绑我的、见、木棍
张玉法,学术 / 公共论战,学术,65,2,2,2,2,我最难忘的事和人(1)；李敖回忆录(1),台大
孔昭庆,虚拟人物 / 证人见证,虚拟人物,64,2,2,2,2,我最难忘的事和人(1)；李敖回忆录(1),证人、台大
张国杰,同案狱友 / 刑求受害,同案狱友,64,2,2,1,1,李敖自传与回忆续集(2),脚镣、推事、看守所、管理员、舍房、像
彭立云,虚拟人物 / 证人见证,虚拟人物,64,2,2,2,2,我最难忘的事和人(1)；李敖回忆录(1),证人、台大
林堂正,看守戒护,看守戒护,64,2,2,1,1,李敖自传与回忆续集(2),太太、看守所、所长、法院、委员
桂永清,军事人物,军事人物,64,2,2,2,2,李敖自传与回忆(1)；我最难忘的事和人(1),司令
蔡火炮,政治人物,政治人物,64,2,2,1,1,李敖自传与回忆续集(2),看守所、警察、所长、台北看守所
邬昆如,感化人员,感化人员,64,2,2,2,2,李敖自传与回忆(1)；李敖回忆录(1),少将、读
党丕修,情治警务 / 朋友 / 见面,情治警务,63,3,3,1,1,我最难忘的事和人(3),请我、大学
李培楠,情治警务 / 朋友 / 见面,情治警务,63,3,3,1,1,我最难忘的事和人(3),一起
毛万里,情治警务 / 朋友 / 见面,情治警务,63,3,3,1,1,我最难忘的事和人(3),警察
何震,情治警务 / 同案狱友,情治警务,63,2,2,1,1,我最难忘的事和人(2),见、家里、总统、女儿、共产党
张任飞,财产债务,财产债务,63,2,2,1,1,李敖自传与回忆续集(2),协议书、产权、委员
乐干,情治警务 / 朋友 / 见面,情治警务,62,3,3,2,2,李敖回忆录(2)；我最难忘的事和人(1),
于长庚,政治异议者,政治异议者,62,2,2,1,1,李敖自传与回忆(2),政府、国民党、共产党、宣传、警总、法庭、判决
孔嘉,朋友 / 见面,朋友,62,2,2,1,1,我最难忘的事和人(2),弟弟、见
张宗昌,军事人物 / 政治人物,军事人物,62,2,2,1,2,我最难忘的事和人(2),电报、序、家里、政府
张顺良,同案狱友 / 财产债务,同案狱友,62,2,2,1,1,李敖自传与回忆续集(2),管理员、课长
徐开喜,同案狱友 / 证人见证,同案狱友,62,2,2,1,1,李敖自传与回忆续集(2),管理员、绑担架、检察官
李肖白,情治警务 / 见面,情治警务,62,2,2,1,1,我最难忘的事和人(2),太太、所长、见、见面
钱太太,婚姻相关 / 见面,婚姻相关,62,2,2,1,1,我最难忘的事和人(2),太太、见
雷鸣远,宗教人物 / 政治人物,宗教人物,62,2,2,1,1,我最难忘的事和人(2),家里、委员、主任
齐庆斌,情治警务 / 朋友,情治警务,62,2,2,1,1,我最难忘的事和人(2),警察、将军、司令、电话、朋友、家里
龚鹏程,学术 / 公共论战,学术,62,2,2,1,1,我最难忘的事和人(2),老师、史学、太太
刘瑞符,情治警务 / 人权救援,情治警务,61,2,2,1,1,我最难忘的事和人(2),参谋
史泓,情治警务,情治警务,61,2,2,1,1,我最难忘的事和人(2),委员
尚渭父,朋友 / 见面,朋友,61,2,2,1,1,我最难忘的事和人(2),警察、见、弟弟
李善培,朋友 / 见面,朋友,61,2,2,1,1,李敖回忆录(2),见
潘金莲,虚拟人物,虚拟人物,60,2,2,1,1,李敖回忆录(2),国民党、爸爸
陈仙洲,情治警务 / 军事人物,情治警务,60,2,2,1,1,我最难忘的事和人(2),共产党
黄季陆,师生,师生,60,1,1,1,1,李敖自传与回忆(1),见、老师、教授、主义
李叶超,朋友 / 人权救援,朋友,59,2,2,1,1,我最难忘的事和人(2),警察、诗、朋友
连家立,朋友 / 见面,朋友,59,2,2,2,2,我最难忘的事和人(1)；李敖回忆录(1),见
朱景昌,师生,师生,59,1,1,1,1,李敖自传与回忆(1),老师、朋友
黎东方,师生,师生,59,1,1,1,1,李敖自传与回忆续集(1),教授
王志超,情治警务 / 朋友 / 见面,情治警务,58,3,3,1,1,我最难忘的事和人(3),
王有为,同学同事 / 朋友 / 见面,同学同事,58,3,3,1,1,我最难忘的事和人(3),
伍一心,情治警务 / 军事人物 / 见面,情治警务,58,1,1,1,1,李敖回忆录(1),会面、警总、编辑、文星、主任、政战、上校、少将
周国树,监狱行政,监狱行政,57,1,1,1,1,李敖自传与回忆续集(1),书记官、法务部、所长、副所长、秘书、管理员、戒护、戒护课长
时臭骂,政治人物,政治人物,57,1,1,1,1,李敖回忆录(1),朋友、总统
陈廷柳,同案狱友,同案狱友,57,1,1,1,1,李敖自传与回忆续集(1),所长、课长、戒护课长、管理员、戒护、杂役
侯祯祥,情治警务 / 朋友,情治警务,56,2,2,1,1,我最难忘的事和人(2),代理
吴健吾,朋友 / 见面,朋友,56,2,2,1,1,我最难忘的事和人(2),朋友、家里
吴安之,朋友 / 见面,朋友,56,2,2,1,1,我最难忘的事和人(2),朋友、告诉我、家里、太太、总统
张彝鼎,同学同事 / 朋友 / 见面,同学同事,56,2,2,1,1,我最难忘的事和人(2),主任、委员、党部
徐业道,情治警务 / 见面,情治警务,56,2,2,1,1,我最难忘的事和人(2),见、见面
文强,情治警务 / 出版,情治警务,56,2,2,1,1,我最难忘的事和人(2),来信、将军
李海涵,朋友 / 见面,朋友,56,2,2,1,1,我最难忘的事和人(2),主任、委员、党部
牛焕辰,同学同事 / 朋友 / 见面,同学同事,56,2,2,1,1,我最难忘的事和人(2),朋友、家里、总统
王德荫,情治警务 / 朋友 / 见面,情治警务,56,2,2,1,1,我最难忘的事和人(2),见、一起、牢房
王鲁翘,情治警务 / 朋友,情治警务,56,2,2,1,1,我最难忘的事和人(2),认识、朋友、家里、警察、司令
贾秀升,情治警务 / 朋友 / 见面,情治警务,56,2,2,1,1,我最难忘的事和人(2),家里
郭巩疆,情治警务 / 朋友 / 见面,情治警务,56,2,2,1,1,我最难忘的事和人(2),陪我、告诉我、大学、律师
韩希圣,朋友 / 见面,朋友,56,2,2,1,1,我最难忘的事和人(2),委员、院长
马志超,情治警务 / 朋友 / 见面,情治警务,56,2,2,1,1,我最难忘的事和人(2),朋友、家里
魏萼,感化人员,感化人员,56,2,2,2,2,李敖自传与回忆(1)；李敖回忆录(1),读
张泽云,财产债务,财产债务,56,1,1,1,1,李敖自传与回忆续集(1),借贷、借钱、支票、记者、先生
张玉芳,司法人员,司法人员,56,1,1,1,1,李敖回忆录(1),审判长、审判官、检察官、判决、上诉
李新冰,看守戒护 / 诉讼,看守戒护,56,1,1,1,1,李敖自传与回忆续集(1),看守所、台北看守所、管理员、岗哨、起诉
林今开,出版,出版,56,1,1,1,1,李敖自传与回忆续集(1),编辑、出版、杂志、书店、先生
毛世馨,监狱行政,监狱行政,56,1,1,1,1,李敖自传与回忆续集(1),陪他、看守所、主任、名籍室、杂役
王云涛,司法人员,司法人员,56,1,1,1,1,李敖回忆录(1),审判长、审判官、检察官、判决、上诉
程台生,看守戒护 / 诉讼,看守戒护,56,1,1,1,1,李敖自传与回忆续集(1),看守所、台北看守所、管理员、岗哨、起诉
陈清华,看守戒护 / 诉讼,看守戒护,56,1,1,1,1,李敖自传与回忆续集(1),看守所、台北看守所、管理员、岗哨、起诉
胡伯岳,朋友 / 见面,朋友,55,2,2,1,1,我最难忘的事和人(2),委员
苗告宝,朋友 / 见面,朋友,55,2,2,1,1,我最难忘的事和人(2),委员
郭履洲,情治警务 / 朋友 / 见面,情治警务,55,2,2,1,1,我最难忘的事和人(2),警察
阮清源,同案狱友 / 朋友,同案狱友,55,2,2,1,1,我最难忘的事和人(2),朋友、关怀
陈凝秋,师生 / 学术,师生,55,2,2,1,1,李敖自传与回忆(2),思想、读
陈汝淦,同学同事 / 朋友 / 见面,同学同事,55,2,2,1,1,我最难忘的事和人(2),同学
丘国利,看守戒护 / 证人见证,看守戒护,55,1,1,1,1,李敖自传与回忆续集(1),主任、管理员、主任管理员、公诉
傅国光,司法人员,司法人员,55,1,1,1,1,李敖回忆录(1),审判长、审判官、判决、复判、政治
叶成有,姻亲,姻亲,55,1,1,1,1,李敖回忆录(1),弟弟、嫁给、结婚
吴越潮,财产债务,财产债务,55,1,1,1,1,李敖自传与回忆续集(1),产权、协议书、委员
屠寄,看守戒护 / 财产债务,看守戒护,55,1,1,1,1,李敖自传与回忆续集(1),大学、管理员、课员
张忠栋,见面,见面,55,1,1,1,1,李敖自传与回忆(1),见、见到、认识
徐文开,司法人员,司法人员,55,1,1,1,1,李敖回忆录(1),审判长、审判官、判决、复判、政治
成鼎,司法人员,司法人员,55,1,1,1,1,李敖回忆录(1),审判长、审判官、判决、复判、司令
李桓,司法人员,司法人员,55,1,1,1,1,李敖回忆录(1),审判长、审判官、判决、复判、司令
李焕升,看守戒护 / 证人见证,看守戒护,55,1,1,1,1,李敖自传与回忆续集(1),主任、管理员、主任管理员、公诉
李鸿禧,学术 / 司法人员,学术,55,1,1,1,1,李敖回忆录(1),学生、授课、大学、法官、院长
林丰翔,同案狱友 / 财产债务,同案狱友,55,1,1,1,1,李敖自传与回忆续集(1),管理员、临时管理员
林海音,通信 / 出版,通信,55,1,1,1,1,李敖自传与回忆(1),教授、助理、研究、委员
林肯,神交引用,神交引用,55,1,1,1,1,李敖自传与回忆续集(1),妈妈、儿子
王宗,司法人员,司法人员,55,1,1,1,1,李敖回忆录(1),审判长、审判官、判决、复判、警备总部、政治
王惺三,司法人员,司法人员,55,1,1,1,1,李敖自传与回忆(1),同学、报纸、检察官、推事、主任、立委
王文俊,姻亲,姻亲,55,1,1,1,1,李敖自传与回忆(1),老师、教书、嫁给
王自义,姻亲,姻亲,55,1,1,1,1,李敖回忆录(1),弟弟、嫁给、结婚
王黄双,诉讼,诉讼,55,1,1,1,1,李敖自传与回忆续集(1),女儿、看守所、台北看守所
萧凯,司法人员,司法人员,55,1,1,1,1,李敖回忆录(1),审判长、审判官、判决、复判
董国铨,司法人员,司法人员,55,1,1,1,1,李敖自传与回忆续集(1),法官、推事、舍房、像
蔡墩铭,学术 / 司法人员,学术,55,1,1,1,1,李敖回忆录(1),学生、授课、大学、法官、院长
詹姆斯·杜渥,学术 / 神交引用,学术,55,1,1,1,1,李敖自传与回忆续集(1),看守所、台北看守所、杂役
詹姆斯·法兰克,学术 / 神交引用,学术,55,1,1,1,1,李敖自传与回忆(1),老师、教授、博士、论文、大学
谭润吾,监狱行政,监狱行政,55,1,1,1,1,李敖自传与回忆续集(1),监狱、台北监狱、课员
郭外川,政治人物 / 人权救援,政治人物,55,1,1,1,1,我最难忘的事和人(1),秘书、主任、党部、先生
阎致远,朋友 / 见面,朋友,55,1,1,1,1,我最难忘的事和人(1),见、见面、请我、送我、先生
陈博享,司法人员,司法人员,55,1,1,1,1,李敖自传与回忆续集(1),拜访、检察官、书记官、判决
陈子和,财产债务,财产债务,55,1,1,1,1,李敖自传与回忆续集(1),产权、协议书、委员
陈淑平,通信,通信,55,1,1,1,1,李敖自传与回忆(1),打电话、电话、研究
陈蕴奇,政治人物,政治人物,55,1,1,1,1,李敖自传与回忆(1),院长、政府、党部
陈金树,同案狱友 / 财产债务,同案狱友,55,1,1,1,1,李敖自传与回忆续集(1),管理员、临时管理员
黄良国,司法人员,司法人员,55,1,1,1,1,李敖自传与回忆续集(1),拜访、检察官、书记官、判决
张镇邦,同案狱友 / 朋友,同案狱友,54,2,2,1,1,我最难忘的事和人(2),朋友
徐菊生,老兵士官 / 军事人物 / 朋友 / 见面,老兵士官,54,2,2,2,2,我最难忘的事和人(1)；李敖回忆录(1),
晁煜,同案狱友 / 监所医疗,同案狱友,54,2,2,2,2,李敖自传与回忆续集(1)；李敖回忆录(1),
李声庭,党务宣传,党务宣传,54,2,1,1,2,李敖回忆录(2),论战、查禁、像
约伯,神交引用,神交引用,54,2,2,2,2,我最难忘的事和人(1)；李敖回忆录(1),
邓小平,政治人物 / 神交引用,政治人物,54,2,2,1,1,我最难忘的事和人(2),国民党、作品
陶一珊,情治警务 / 朋友 / 见面,情治警务,54,2,2,1,1,我最难忘的事和人(2),告诉我
魏毅生,情治警务 / 朋友 / 见面,情治警务,54,2,2,1,1,我最难忘的事和人(2),朋友
黄仁温,同案狱友 / 监所医疗,同案狱友,54,2,2,2,2,李敖自传与回忆续集(1)；李敖回忆录(1),
严家诰,同案狱友,同案狱友,54,1,1,1,1,我最难忘的事和人(1),见、牢房
于申德,姻亲 / 亲属,姻亲,54,1,1,1,1,李敖回忆录(1),夫人、政治
亚里士多德,神交引用,神交引用,54,1,1,1,1,我最难忘的事和人(1),政治、思想
余主管,刑求人员 / 称谓待考,刑求人员,54,1,1,1,1,李敖自传与回忆续集(1),皮鞭打、主任
凯撒,神交引用,神交引用,54,1,1,1,1,李敖回忆录(1),朋友、离婚、记者、记者招待会、攻击
刘伟民,同案狱友 / 刑求受害,同案狱友,54,1,1,1,1,李敖自传与回忆续集(1),绑担架、检察官
卢汉,军事人物 / 政治人物,军事人物,54,1,1,1,1,我最难忘的事和人(1),委员、国民党、党务
吴家玮,学术,学术,54,1,1,1,1,我最难忘的事和人(1),学者、大学、说过、先生
吴茂先,情治警务,情治警务,54,1,1,1,1,我最难忘的事和人(1),太太、所长
吴谦仁,司法人员 / 诉讼,司法人员,54,1,1,1,1,李敖回忆录(1),法官
周念行,出版 / 朋友,出版,54,1,1,1,1,我最难忘的事和人(1),牢房、读、先生
姜穆,诉讼,诉讼,54,1,1,1,1,李敖自传与回忆(1),证人、主任、判决、保防、政战、书中、所谓
孙念台,师生,师生,54,1,1,1,1,李敖自传与回忆(1),碰到、妈妈、先生
孙运璿,政治人物,政治人物,54,1,1,1,1,我最难忘的事和人(1),电视、法务部、法院、部长、院长
庄建国,看守戒护 / 财产债务,看守戒护,54,1,1,1,1,李敖自传与回忆续集(1),管理员
张作相,政治人物,政治人物,54,1,1,1,1,李敖自传与回忆(1),爸爸、大学、委员
张子奇,政治人物 / 见面,政治人物,54,1,1,1,1,我最难忘的事和人(1),见、见面、市长、先生
张济团,司法人员 / 诉讼,司法人员,54,1,1,1,1,李敖回忆录(1),法官、判决
拿破仑,神交引用,神交引用,54,1,1,1,1,李敖回忆录(1),像
李其泰,学术,学术,54,1,1,1,1,李敖自传与回忆(1),寄给、老师、主任、读、先生
李朝宗,情治警务 / 诉讼,情治警务,54,1,1,1,1,李敖自传与回忆(1),证人、主任、判决、保防、政战、书中、所谓
林悦恒,通信,通信,54,1,1,1,1,李敖回忆录(1),写信、老师、太太
林慧峰,姻亲,姻亲,54,1,1,1,1,李敖回忆录(1),妻
林河南,同案狱友 / 财产债务,同案狱友,54,1,1,1,1,李敖自传与回忆续集(1),管理员
梁仰芝,见面,见面,54,1,1,1,1,我最难忘的事和人(1),见、见到、学生、研究、先生
汤克勤,姻亲,姻亲,54,1,1,1,1,李敖回忆录(1),嫁给、大学、台大
王安石,神交引用,神交引用,54,1,1,1,1,李敖回忆录(1),诗
王正廷,政治人物,政治人物,54,1,1,1,1,李敖自传与回忆(1),学生、大学、部长、国民党、像
王淦开,通信 / 情治警务,通信,54,1,1,1,1,李敖回忆录(1),回电
王瑶,司法人员 / 诉讼,司法人员,54,1,1,1,1,李敖回忆录(1),法官
章尊良,财产债务,财产债务,54,1,1,1,1,李敖自传与回忆续集(1),房地
艾碧珈,师生,师生,54,1,1,1,1,李敖自传与回忆(1),老师、先生
蔡文崧,诉讼,诉讼,54,1,1,1,1,李敖自传与回忆续集(1),见、女儿、福利社、接见
谢家鹤,司法人员 / 诉讼,司法人员,54,1,1,1,1,李敖回忆录(1),法官、判决
谷凤翔,政治人物 / 见面,政治人物,54,1,1,1,1,我最难忘的事和人(1),家里、先生
郑主管,刑求人员 / 称谓待考,刑求人员,54,1,1,1,1,李敖自传与回忆续集(1),皮鞭打、主任
郑胜助,见面,见面,54,1,1,1,1,李敖自传与回忆续集(1),访问、碰到、问我、律师
钟曜唐,司法人员 / 诉讼,司法人员,54,1,1,1,1,李敖回忆录(1),见、法官、法院、判决、院长
钟浩东,政治异议者 / 同案狱友,政治异议者,54,1,1,1,1,我最难忘的事和人(1),牢房、像
陈健民,司法人员 / 诉讼,司法人员,54,1,1,1,1,李敖回忆录(1),法官
陈少廷,公共论战,公共论战,54,1,1,1,1,我最难忘的事和人(1),学生、杂志、大学、批评
陈立夫,政治人物,政治人物,54,1,1,1,1,我最难忘的事和人(1),见、总统、选举、先生
陈维昭,学术 / 通信 / 公共论战,学术,54,1,1,1,1,李敖回忆录(1),见、学术、台大、哲学
雷志云,看守戒护 / 刑求人员,看守戒护,54,1,1,1,1,李敖自传与回忆续集(1),会面、大打其耳光、律师、管理员、军法、国民党、政治
黄华成,出版 / 见面,出版,54,1,1,1,1,李敖回忆录(1),请我、出版、出版社
黄彩琴,诉讼 / 证人见证 / 财产债务,诉讼,54,1,1,1,1,李敖自传与回忆续集(1),见、女儿、福利社、接见
黄祥华,看守戒护 / 证人见证,看守戒护,54,1,1,1,1,李敖自传与回忆续集(1),绑担架、检察官、管理员
黄道舜,看守戒护 / 刑求人员,看守戒护,54,1,1,1,1,李敖自传与回忆续集(1),会面、大打其耳光、律师、管理员、国民党、政治
龙云,军事人物 / 政治人物,军事人物,54,1,1,1,1,我最难忘的事和人(1),委员、国民党、党务
余陈月瑛,政治人物 / 公共论战,政治人物,53,1,1,1,1,我最难忘的事和人(1),委员
刘半农,学术 / 神交引用,学术,53,1,1,1,1,李敖自传与回忆(1),市长、国民党
刘望苏,财产债务,财产债务,53,1,1,1,1,李敖自传与回忆续集(1),委员
包德甫,媒体,媒体,53,1,1,1,1,李敖回忆录(1),问我、记者、特务、像
华盛顿,神交引用,神交引用,53,1,1,1,1,李敖自传与回忆(1),杂志、报人
向静波,学术,学术,53,1,1,1,1,我最难忘的事和人(1),研究
吴进义,出版,出版,53,1,1,1,1,李敖回忆录(1),编辑、委员、国民党
孙明海,出版,出版,53,1,1,1,1,李敖回忆录(1),编辑、委员、国民党
李宏基,学术,学术,53,1,1,1,1,李敖自传与回忆(1),晤、主席、文学、先生
王仰止,出版,出版,53,1,1,1,1,李敖回忆录(1),编辑、委员、国民党
王育德,出版,出版,53,1,1,1,1,李敖回忆录(1),编辑、委员
索拉兹,政治人物,政治人物,53,1,1,1,1,李敖自传与回忆续集(1),部长、国民党
罗福全,出版,出版,53,1,1,1,1,李敖回忆录(1),编辑、委员、国民党
赵伟民,政治人物,政治人物,53,1,1,1,1,李敖自传与回忆(1),院长
赵龙文,同学同事 / 情治警务 / 见面,同学同事,53,1,1,1,1,我最难忘的事和人(1),同学、诗
郑清茂,同学同事,同学同事,53,1,1,1,1,李敖回忆录(1),同学、告诉我、思想
陈汉卿,同学同事,同学同事,53,1,1,1,1,李敖回忆录(1),同学、告诉我、思想
陈维纶,军事人物 / 出版,军事人物,53,1,1,1,1,我最难忘的事和人(1),将军、书中
黄凯,政治人物,政治人物,53,1,1,1,1,李敖自传与回忆(1),院长
王新衡,情治警务 / 朋友 / 见面,情治警务,52,2,2,1,1,我最难忘的事和人(2),诗
墨子,神交引用,神交引用,52,1,1,1,1,李敖自传与回忆(1),
王阳明,神交引用,神交引用,52,1,1,1,1,我最难忘的事和人(1),
苏东坡,神交引用,神交引用,52,1,1,1,1,我最难忘的事和人(1),
达尔文,神交引用,神交引用,52,1,1,1,1,李敖自传与回忆(1),
阎愈政,朋友,朋友,52,1,1,1,1,李敖回忆录(1),告诉我、名言、说过
魏廷昱,公共论战,公共论战,52,1,1,1,1,李敖回忆录(1),批评、所谓
欧阳坤,同案狱友,同案狱友,51,1,1,1,1,李敖自传与回忆续集(1),看守所、所长、课长、戒护课长、戒护、杂役
王洁中,情治警务 / 军事人物,情治警务,51,1,1,1,1,李敖自传与回忆续集(1),刑求、逼供、冤案、假案、少将、中将、司令
陈晏庭,同案狱友,同案狱友,51,1,1,1,1,李敖自传与回忆续集(1),陪他、电话、看守所、所长、副所长、主任
刘镇芳,情治警务 / 朋友 / 见面,情治警务,50,2,2,1,1,我最难忘的事和人(2),
吴利君,情治警务 / 朋友 / 见面,情治警务,50,2,2,1,1,我最难忘的事和人(2),
周关锠,情治警务 / 朋友 / 见面,情治警务,50,2,2,1,1,我最难忘的事和人(2),
孙华,情治警务 / 朋友 / 见面,情治警务,50,2,2,1,1,我最难忘的事和人(2),
朱石炎,司法人员,司法人员,50,2,2,1,1,我最难忘的事和人(2),
李盛渊,江湖人物,江湖人物,50,2,2,1,1,李敖自传与回忆(2),
杨济华,情治警务 / 朋友 / 见面,情治警务,50,2,2,1,1,我最难忘的事和人(2),
杨清植,情治警务 / 朋友 / 见面,情治警务,50,2,2,1,1,我最难忘的事和人(2),
汪祖华,情治警务 / 朋友 / 见面,情治警务,50,2,2,1,1,我最难忘的事和人(2),
白莲丞,情治警务 / 朋友 / 见面,情治警务,50,2,2,1,1,我最难忘的事和人(2),
聂琮,情治警务 / 朋友 / 见面,情治警务,50,2,2,1,1,我最难忘的事和人(2),
苏桐凤,同学同事 / 朋友 / 见面,同学同事,50,2,2,1,1,我最难忘的事和人(2),
刘台生,同案狱友 / 刑求受害,同案狱友,50,1,1,1,1,李敖自传与回忆续集(1),同案、看守所、脚镣、钉脚镣
刘建章,军事人物 / 出版,军事人物,50,1,1,1,1,我最难忘的事和人(1),书中
卞昭荃,同案狱友 / 刑求受害,同案狱友,50,1,1,1,1,李敖自传与回忆续集(1),同案、检察官、看守所、脚镣、钉脚镣、法院
孟大强,亲属,亲属,50,1,1,1,1,我最难忘的事和人(1),朋友、父亲、母亲、弟弟、离婚、读
徐鹏举,同案狱友,同案狱友,50,1,1,1,1,李敖自传与回忆续集(1),同案、监狱、看守所、台北监狱
舒适存,出版 / 公共论战,出版,50,1,1,1,1,我最难忘的事和人(1),书中
苏振崧,同案狱友 / 刑求受害,同案狱友,50,1,1,1,1,李敖自传与回忆续集(1),同案、检察官、看守所、脚镣、钉脚镣、法院
李孟谦,亲属,亲属,49,1,1,1,1,李敖自传与回忆(1),爸爸、儿子、太太
汪宾彬,财产债务 / 诉讼,财产债务,49,1,1,1,1,李敖自传与回忆续集(1),女儿、看守所、福利社
熊钰铮,同案狱友 / 财产债务,同案狱友,49,1,1,1,1,李敖自传与回忆续集(1),管理员、岗哨
王剑吟,情治警务,情治警务,49,1,1,1,1,李敖自传与回忆续集(1),见、调查局、刑警
童聪明,看守戒护 / 财产债务,看守戒护,49,1,1,1,1,李敖自传与回忆续集(1),看守所、课长、管理员
董嘉诚,监狱行政,监狱行政,49,1,1,1,1,李敖自传与回忆续集(1),看守所、课长、管理员
何福祥,出版 / 公共论战,出版,48,1,1,1,1,我最难忘的事和人(1),
包烈,情治警务,情治警务,48,1,1,1,1,我最难忘的事和人(1),见、见面、代理
史华格,神交引用,神交引用,48,1,1,1,1,我最难忘的事和人(1),见、爸爸、像
史择言,情治警务,情治警务,48,1,1,1,1,我最难忘的事和人(1),主任、委员
吴松枝,政治异议者,政治异议者,48,1,1,1,1,李敖自传与回忆续集(1),来信、判决、政府
吴石,军事人物 / 同案狱友,军事人物,48,1,1,1,1,我最难忘的事和人(1),牢房、像
基辛格,政治人物 / 神交引用,政治人物,48,1,1,1,1,我最难忘的事和人(1),朋友、学者、大学、说过
姬梅轩,朋友 / 见面,朋友,48,1,1,1,1,我最难忘的事和人(1),朋友、家里
孙耕南,情治警务,情治警务,48,1,1,1,1,我最难忘的事和人(1),太太、委员
尤元基,情治警务,情治警务,48,1,1,1,1,李敖自传与回忆续集(1),见、保安处
张兰熙,出版 / 见面,出版,48,1,1,1,1,李敖自传与回忆(1),见、家里
张太太,称谓待考 / 邻居 / 见面,称谓待考,48,1,1,1,1,我最难忘的事和人(1),太太、管理员、委员
张宣泽,同案狱友 / 政治人物,同案狱友,48,1,1,1,1,我最难忘的事和人(1),秘书、牢房、政府
张达钧,出版 / 军事人物,出版,48,1,1,1,1,我最难忘的事和人(1),来信、书中
徐人骥,情治警务 / 见面,情治警务,48,1,1,1,1,我最难忘的事和人(1),见、见面
曾毓隽,政治人物,政治人物,48,1,1,1,1,我最难忘的事和人(1),太太、委员、政府
李友芝,朋友 / 见面,朋友,48,1,1,1,1,我最难忘的事和人(1),朋友、家里、总统
李志鹏,政治人物 / 公共论战,政治人物,48,1,1,1,1,我最难忘的事和人(1),法院、委员、立委、国民党
李显斌,反共人士,反共人士,48,1,1,1,1,我最难忘的事和人(1),报导、法院、诬告
李汉元,情治警务,情治警务,48,1,1,1,1,我最难忘的事和人(1),认识、朋友、家里、警察、司令
李玉堂,军事人物 / 同案狱友,军事人物,48,1,1,1,1,我最难忘的事和人(1),牢房、像
杨觉民,朋友 / 见面,朋友,48,1,1,1,1,我最难忘的事和人(1),朋友、家里
林佛儿,出版,出版,48,1,1,1,1,李敖回忆录(1),请我、出版、出版社
武树华,朋友 / 见面,朋友,48,1,1,1,1,我最难忘的事和人(1),朋友、家里、总统
汤局长,情治警务 / 称谓待考,情治警务,48,1,1,1,1,我最难忘的事和人(1),代理、警察、司令
游荣茂,政治人物 / 公共论战,政治人物,48,1,1,1,1,我最难忘的事和人(1),法院、委员、立委、国民党
满素玉,同案狱友,同案狱友,48,1,1,1,1,李敖回忆录(1),姐姐、太太、调查局
潘琦君,出版 / 见面,出版,48,1,1,1,1,李敖自传与回忆(1),见、家里
王玉宾,朋友 / 见面,朋友,48,1,1,1,1,我最难忘的事和人(1),朋友、家里
王瑞武,政治人物 / 人权救援,政治人物,48,1,1,1,1,我最难忘的事和人(1),妻
王荫泰,政治人物,政治人物,48,1,1,1,1,我最难忘的事和人(1),教授、朋友、大学、主任
申有枝,朋友 / 见面,朋友,48,1,1,1,1,我最难忘的事和人(1),朋友、家里、总统
福尔摩斯,虚拟人物,虚拟人物,48,1,1,1,1,李敖自传与回忆(1),爸爸
童秀明,朋友 / 见面,朋友,48,1,1,1,1,我最难忘的事和人(1),朋友、家里
聂华苓,出版 / 媒体 / 见面,出版,48,1,1,1,1,李敖自传与回忆(1),见、家里
胡鸿章,朋友 / 见面,朋友,48,1,1,1,1,我最难忘的事和人(1),朋友、家里
苏轼,神交引用,神交引用,48,1,1,1,1,我最难忘的事和人(1),来信
蔡金铿,政治异议者,政治异议者,48,1,1,1,1,李敖自传与回忆续集(1),来信、判决、政府
谢骏扬,看守戒护,看守戒护,48,1,1,1,1,李敖自传与回忆续集(1),杂役
赵清泉,证人见证,证人见证,48,1,1,1,1,李敖自传与回忆续集(1),认识、朋友、证人、结证、所谓
陈光耀,医疗照护 / 见面,医疗照护,48,1,1,1,1,我最难忘的事和人(1),
陈太初,同案狱友,同案狱友,48,1,1,1,1,我最难忘的事和人(1),牢房
陈庆堂,同案狱友 / 刑求受害 / 诉讼,同案狱友,48,1,1,1,1,李敖自传与回忆续集(1),会面、大打其耳光、律师、管理员
陈继盛,学术 / 公共论战,学术,48,1,1,1,1,我最难忘的事和人(1),学生、杂志、大学、台大、政治
陈隆志,学术 / 公共论战,学术,48,1,1,1,1,我最难忘的事和人(1),学生、杂志、大学、台大、政治
霍来庭,朋友 / 见面,朋友,48,1,1,1,1,我最难忘的事和人(1),朋友、家里
高仲元,财产债务 / 诉讼,财产债务,48,1,1,1,1,李敖自传与回忆续集(1),
丁继曾,同学同事 / 情治警务 / 见面,同学同事,47,1,1,1,1,我最难忘的事和人(1),同学
侯镜如,军事人物,军事人物,47,1,1,1,1,我最难忘的事和人(1),军长
刘仲康,出版 / 情治警务,出版,47,1,1,1,1,我最难忘的事和人(1),政府、攻击、著作
史为鉴,学术 / 出版 / 见面,学术,47,1,1,1,1,李敖自传与回忆(1),台大
叶霞翟,同学同事 / 情治警务 / 见面,同学同事,47,1,1,1,1,我最难忘的事和人(1),同学
孙元良,军事人物 / 出版,军事人物,47,1,1,1,1,我最难忘的事和人(1),见、出版、将军
宇野精一,学术,学术,47,1,1,1,1,我最难忘的事和人(1),总统、国民党
庾信,神交引用,神交引用,47,1,1,1,1,我最难忘的事和人(1),序、将军
张岫岚,同学同事 / 朋友 / 见面,同学同事,47,1,1,1,1,我最难忘的事和人(1),同学
彭孟缉,军事人物 / 政治人物,军事人物,47,1,1,1,1,我最难忘的事和人(1),参谋
曹建中,军事人物 / 情治警务 / 出版 / 公共论战,军事人物,47,1,1,1,1,李敖回忆录(1),出版、政府、司令、国民党
曾虚白,媒体 / 公共论战 / 感化人员,媒体,47,1,1,1,1,李敖自传与回忆(1),报导、国民党
李晋芳,政治人物 / 出版,政治人物,47,1,1,1,1,李敖回忆录(1),政府
杜预,神交引用 / 军事人物,神交引用,47,1,1,1,1,我最难忘的事和人(1),序、将军
柯贤忠,监所医疗 / 政治人物,监所医疗,47,1,1,1,1,我最难忘的事和人(1),院长
桓谭,神交引用,神交引用,47,1,1,1,1,我最难忘的事和人(1),序、将军
汪东林,出版,出版,47,1,1,1,1,我最难忘的事和人(1),将军
汪中磊,朋友 / 见面,朋友,47,1,1,1,1,我最难忘的事和人(1),请我
温松康,同学同事 / 朋友 / 见面,同学同事,47,1,1,1,1,我最难忘的事和人(1),同学
潘秀仁,同学同事 / 朋友 / 见面,同学同事,47,1,1,1,1,我最难忘的事和人(1),同学
王芳华,见面,见面,47,1,1,1,1,我最难忘的事和人(1),见
箫信如,情治警务 / 朋友,情治警务,47,1,1,1,1,我最难忘的事和人(1),请我
袁寄滨,同学同事 / 情治警务 / 见面,同学同事,47,1,1,1,1,我最难忘的事和人(1),同学
裴普贤,学术 / 公共论战,学术,47,1,1,1,1,我最难忘的事和人(1),请他
谢冰莹,出版 / 公共论战,出版,47,1,1,1,1,我最难忘的事和人(1),将军、书中
谢贵诚,同学同事 / 情治警务 / 见面,同学同事,47,1,1,1,1,我最难忘的事和人(1),同学
赵富瑞,朋友 / 见面,朋友,47,1,1,1,1,我最难忘的事和人(1),朋友、总统
赵耀斌,同案狱友,同案狱友,47,1,1,1,1,我最难忘的事和人(1),朋友、关怀
陈谦,同学同事 / 情治警务 / 见面,同学同事,47,1,1,1,1,我最难忘的事和人(1),同学
马敬华,同学同事 / 情治警务 / 见面,同学同事,47,1,1,1,1,我最难忘的事和人(1),同学
黄振华,出版 / 公共论战,出版,47,1,1,1,1,我最难忘的事和人(1),将军、书中
唐新,情治警务 / 朋友 / 见面,情治警务,46,1,1,1,1,我最难忘的事和人(1),朋友
施大哥,老兵士官 / 军事人物 / 称谓待考 / 朋友 / 见面,老兵士官,46,1,1,1,1,我最难忘的事和人(1),送我
梭维斯特,出版 / 神交引用,出版,46,1,1,1,1,我最难忘的事和人(1),朋友、哲学
王立生,情治警务 / 朋友 / 见面,情治警务,46,1,1,1,1,我最难忘的事和人(1),朋友
王调勋,情治警务 / 朋友 / 见面,情治警务,46,1,1,1,1,我最难忘的事和人(1),朋友
荆向荣,情治警务 / 朋友 / 见面,情治警务,46,1,1,1,1,我最难忘的事和人(1),朋友
许先登,情治警务 / 朋友 / 见面,情治警务,46,1,1,1,1,我最难忘的事和人(1),朋友
赖文良,公共论战,公共论战,46,1,1,1,1,我最难忘的事和人(1),关怀、读
狄德罗,学术 / 神交引用,学术,44,1,1,1,1,我最难忘的事和人(1),哲学
门肯,神交引用 / 学术,神交引用,44,1,1,1,1,我最难忘的事和人(1),思想
严灵峰,情治警务 / 朋友 / 见面,情治警务,42,1,1,1,1,我最难忘的事和人(1),
于华庭,朋友 / 见面,朋友,42,1,1,1,1,我最难忘的事和人(1),
亚丹,出版 / 通信,出版,42,1,1,1,1,我最难忘的事和人(1),
何峨芳,情治警务 / 朋友 / 见面,情治警务,42,1,1,1,1,我最难忘的事和人(1),
何芝园,情治警务 / 朋友 / 见面,情治警务,42,1,1,1,1,我最难忘的事和人(1),
何龙庆,情治警务 / 朋友 / 见面,情治警务,42,1,1,1,1,我最难忘的事和人(1),
俞泽生,政治人物 / 朋友,政治人物,42,1,1,1,1,我最难忘的事和人(1),
冯大轰,同学同事 / 朋友 / 见面,同学同事,42,1,1,1,1,我最难忘的事和人(1),
刘士烈,同学同事 / 朋友 / 见面,同学同事,42,1,1,1,1,我最难忘的事和人(1),
刘焕荣,社会案件,社会案件,42,1,1,1,1,我最难忘的事和人(1),
刘钦礼,情治警务 / 朋友 / 见面,情治警务,42,1,1,1,1,我最难忘的事和人(1),
吕仕伦,情治警务 / 朋友 / 见面,情治警务,42,1,1,1,1,我最难忘的事和人(1),
吴思俭,情治警务 / 朋友 / 见面,情治警务,42,1,1,1,1,我最难忘的事和人(1),
周正,情治警务 / 朋友 / 见面,情治警务,42,1,1,1,1,我最难忘的事和人(1),
唐棣,情治警务 / 朋友 / 见面,情治警务,42,1,1,1,1,我最难忘的事和人(1),
尚厚庵,朋友 / 见面,朋友,42,1,1,1,1,我最难忘的事和人(1),
左丘明,神交引用,神交引用,42,1,1,1,1,我最难忘的事和人(1),
左思元,同学同事 / 朋友 / 见面,同学同事,42,1,1,1,1,我最难忘的事和人(1),
房秉符,同学同事 / 朋友 / 见面,同学同事,42,1,1,1,1,我最难忘的事和人(1),
朱耀武,朋友 / 见面,朋友,42,1,1,1,1,我最难忘的事和人(1),
李友平,同学同事 / 朋友 / 见面,同学同事,42,1,1,1,1,我最难忘的事和人(1),
李叶,情治警务 / 朋友 / 见面,情治警务,42,1,1,1,1,我最难忘的事和人(1),
李希纯,情治警务 / 朋友 / 见面,情治警务,42,1,1,1,1,我最难忘的事和人(1),
李思聪,同学同事 / 朋友 / 见面,同学同事,42,1,1,1,1,我最难忘的事和人(1),
李曾逊,情治警务 / 朋友 / 见面,情治警务,42,1,1,1,1,我最难忘的事和人(1),
杨作芝,同学同事 / 朋友 / 见面,同学同事,42,1,1,1,1,我最难忘的事和人(1),
杨庭芳,朋友 / 见面,朋友,42,1,1,1,1,我最难忘的事和人(1),
杨治泰,同学同事 / 朋友 / 见面,同学同事,42,1,1,1,1,我最难忘的事和人(1),
杨蔚,情治警务 / 朋友 / 见面,情治警务,42,1,1,1,1,我最难忘的事和人(1),
杨遇春,情治警务 / 朋友 / 见面,情治警务,42,1,1,1,1,我最难忘的事和人(1),
杨隆祜,情治警务 / 朋友 / 见面,情治警务,42,1,1,1,1,我最难忘的事和人(1),
杨震裔,情治警务 / 朋友 / 见面,情治警务,42,1,1,1,1,我最难忘的事和人(1),
林尧民,情治警务 / 朋友 / 见面,情治警务,42,1,1,1,1,我最难忘的事和人(1),
柯建安,情治警务 / 朋友 / 见面,情治警务,42,1,1,1,1,我最难忘的事和人(1),
梁若节,情治警务 / 朋友 / 见面,情治警务,42,1,1,1,1,我最难忘的事和人(1),
武成祖,同学同事 / 朋友 / 见面,同学同事,42,1,1,1,1,我最难忘的事和人(1),
游国麟,社会案件,社会案件,42,1,1,1,1,我最难忘的事和人(1),
王兆槐,情治警务 / 朋友 / 见面,情治警务,42,1,1,1,1,我最难忘的事和人(1),
王利秋,朋友 / 见面,朋友,42,1,1,1,1,我最难忘的事和人(1),
王荣国,情治警务 / 朋友 / 见面,情治警务,42,1,1,1,1,我最难忘的事和人(1),
田荣祖,同学同事 / 朋友 / 见面,同学同事,42,1,1,1,1,我最难忘的事和人(1),
程克祥,情治警务 / 朋友 / 见面,情治警务,42,1,1,1,1,我最难忘的事和人(1),
舒翔,情治警务 / 朋友 / 见面,情治警务,42,1,1,1,1,我最难忘的事和人(1),
范炳文,同学同事 / 朋友 / 见面,同学同事,42,1,1,1,1,我最难忘的事和人(1),
萧勃,情治警务 / 朋友 / 见面,情治警务,42,1,1,1,1,我最难忘的事和人(1),
谢文津,同学同事 / 朋友 / 见面,同学同事,42,1,1,1,1,我最难忘的事和人(1),
谭明诚,情治警务 / 朋友 / 见面,情治警务,42,1,1,1,1,我最难忘的事和人(1),
贺元,情治警务 / 朋友 / 见面,情治警务,42,1,1,1,1,我最难忘的事和人(1),
郑修元,情治警务 / 朋友 / 见面,情治警务,42,1,1,1,1,我最难忘的事和人(1),
郝家驹,同学同事 / 朋友 / 见面,同学同事,42,1,1,1,1,我最难忘的事和人(1),
郭宗泰,情治警务 / 朋友 / 见面,情治警务,42,1,1,1,1,我最难忘的事和人(1),
郭寿华,情治警务 / 朋友 / 见面,情治警务,42,1,1,1,1,我最难忘的事和人(1),
钟贡勋,情治警务 / 朋友 / 见面,情治警务,42,1,1,1,1,我最难忘的事和人(1),
霍立人,情治警务 / 朋友 / 见面,情治警务,42,1,1,1,1,我最难忘的事和人(1),
韦宪文,同学同事 / 朋友 / 见面,同学同事,42,1,1,1,1,我最难忘的事和人(1),
韩克温,朋友 / 见面,朋友,42,1,1,1,1,我最难忘的事和人(1),
高向果,同学同事 / 朋友 / 见面,同学同事,42,1,1,1,1,我最难忘的事和人(1),
